101,1395,4257,6219,2311,413,85,26,16,5,1,0,0,0,1
ヒ
ド
テ
キ
ゴ
ハ
セ
エ
ト
キ
コ
シ
ヒ
チ
ミ
ジ
ト
ユ
ク
ケ
ハ
ナ
ミ
バ
チ
サ
シ
シ
ミ
ズ
ヨ
フ
ザ
ス
ネ
シ
ビ
イ
イ
タ
キ
ガ
ワ
ノ
ホ
ヒ
ト
イ
リ
ヤ
ガ
カ
カ
オ
ク
ス
ハ
キ
ギ
ク
チ
リ
マ
ギ
メ
ニ
ジ
ゼ
ヘ
ヒ
ケ
ヒ
ジ
シ
イ
ネ
フ
ト
ロ
ホ
グ
キ
フ
ヒ
ヒ
モ
セ
ウ
ジ
キ
ウ
ホ
コ
イ
モ
イ
ミ
カ
ゴ
キ
0
ヒト
モノ
ホウ
トキ
イマ
マエ
ウチ
ウエ
イエ
ミナ
マン
カオ
サキ
コエ
シタ
ハハ
ミセ
コロ
イミ
クチ
チチ
ツギ
ヘヤ
カゼ
ソト
ミズ
ヨル
ガワ
クニ
イロ
ミチ
アシ
ヤマ
ミミ
イヌ
サケ
ウミ
エキ
アニ
アス
ヨコ
ハン
ダイ
マド
ネコ
ミギ
ハナ
ドア
オジ
カワ
アネ
ソラ
カミ
フク
ナツ
ウタ
バア
ユキ
バス
ハナ
ムラ
ハコ
アメ
クロ
イス
ジイ
オバ
ゴゴ
シラ
キタ
ハル
フロ
パン
ヘン
ニワ
フユ
ヒル
ニク
ハシ
アキ
ヒマ
トリ
アカ
カギ
ヘタ
モン
ニシ
カシ
クツ
バン
アオ
カク
カゼ
サラ
チズ
イケ
ペン
ケサ
シオ
カサ
ハシ
アメ
タテ
コト
タメ
ワケ
ママ
ハズ
ベツ
オト
ダメ
ムリ
テン
クビ
カイ
ツマ
ユメ
シキ
ケン
フネ
ヘン
セキ
ウデ
ユビ
ウソ
カミ
ジコ
カベ
ウラ
イカ
イシ
セワ
モリ
ビル
ネツ
ノド
ムシ
ケガ
ベイ
ホシ
クサ
クモ
ゴミ
タク
ルス
ソボ
ミソ
エダ
イト
ガス
ソフ
スミ
パパ
スナ
ヒゲ
タナ
ベル
サカ
レジ
カジ
スリ
キヌ
チリ
トモ
ナマ
ヤツ
モト
オク
ジツ
オヤ
カン
ナシ
バカ
セイ
ムネ
サイ
ジキ
チエ
モジ
カタ
コシ
ソノ
ホウ
ヤク
ケン
メン
ハラ
グン
カタ
マル
タダ
ウマ
シロ
テキ
カコ
レイ
マチ
イキ
チャ
ラク
クセ
ハダ
ジム
オウ
アナ
ユカ
イリ
トチ
ムシ
ツネ
クミ
ママ
イタ
マン
キズ
ワン
アイ
ガク
イン
ハン
ジコ
プロ
カミ
アセ
ワキ
イチ
ヌシ
ムダ
ユエ
ヘイ
キミ
ソコ
エン
ナカ
マイ
レイ
キー
ラン
ナミ
ツチ
バー
タビ
チカ
タマ
ヤミ
シリ
ヒザ
カゲ
テツ
ビン
カチ
ロン
トシ
リツ
ドウ
ホゴ
ブン
キジ
キソ
セツ
ゼイ
ツミ
シジ
ギム
サイ
イジ
キボ
ハツ
カリ
ゾウ
コウ
アク
テン
イシ
タイ
ヒビ
オン
ミン
フシ
カー
ホネ
ヒメ
コイ
ソウ
オニ
オビ
ハシ
ネン
アン
ブジ
イワ
カゲ
イゴ
グン
コヤ
ジョ
サク
セイ
オブ
カブ
ヨメ
ケン
コナ
ノウ
キキ
イシ
ツー
チイ
ハン
ナミ
ノー
カク
ヨウ
イシ
アミ
イト
マゴ
ボウ
シタ
ケン
メモ
ビン
スジ
ツメ
ジチ
ブシ
ムネ
サト
ハバ
トク
デー
ウン
ボウ
ミス
チク
カン
オリ
グン
マネ
アト
ナベ
キス
カワ
ヤネ
フタ
ホオ
エサ
ブキ
ブカ
ツユ
サル
イキ
ヤド
ウシ
ソン
ガラ
ゴム
ナゾ
ワザ
ヌノ
サク
ボウ
ヘビ
ハカ
シキ
トイ
トウ
レツ
ジン
ソチ
アゴ
メシ
ツー
イギ
ヒフ
シジ
ワク
ガン
ハイ
クラ
ハリ
アシ
トメ
コツ
トラ
オフ
ツリ
マツ
カジ
ネタ
タニ
ケイ
クマ
トリ
ココ
ギン
イジ
デシ
セイ
カイ
ヨソ
フダ
キチ
リジ
ワン
ヨビ
ラブ
リン
バイ
ヒモ
ハデ
アン
ベン
カメ
シー
テマ
ツウ
サギ
オカ
ハン
アテ
トモ
シワ
フン
ハネ
カタ
サタ
ハテ
イワ
ウム
タマ
トウ
ハタ
フデ
ドク
ドロ
スキ
ヒキ
ブタ
タケ
バラ
ソウ
コウ
フイ
アル
ダシ
バン
ツボ
シヤ
モチ
ハジ
セン
カシ
ヌキ
ミニ
マユ
イド
キキ
セイ
キン
カゴ
チチ
カナ
トミ
タキ
ヤリ
ジク
カキ
シン
イモ
テイ
キジ
ウメ
エキ
カイ
シゴ
キチ
メン
キク
ゲカ
ガキ
スシ
ムチ
シオ
シミ
オス
キリ
サン
エビ
ゲキ
ノウ
キフ
ソデ
カグ
ボン
チジ
ケン
アイ
パス
コウ
ナワ
ムレ
ボウ
メン
ホジ
マメ
ワリ
クモ
バケ
ゴー
ヨチ
オア
マチ
ヨミ
グチ
タテ
スソ
ハマ
オキ
ヘイ
ツド
ギリ
アワ
ゼン
ピン
ユー
ナン
カネ
ヨク
イマ
ミゾ
レイ
ワラ
ケア
テン
タテ
フリ
フボ
チョ
アリ
プチ
カニ
ヘア
ラン
イキ
ウチ
ジミ
ログ
キグ
カマ
ハイ
ツボ
バン
モト
ツブ
キモ
ゾウ
モモ
ハネ
タケ
オチ
ラン
タバ
イカ
ボシ
ゾク
オツ
ミキ
クギ
ダン
ツエ
ワビ
ニセ
ハチ
ハメ
スギ
シサ
ヒナ
ケチ
カク
マク
ヒジ
ゲイ
ホリ
ゲン
エミ
ホド
カイ
ボス
セキ
ギボ
スト
エリ
サオ
メス
ビザ
ハム
シカ
ナス
デキ
シテ
キリ
ベニ
タコ
テロ
セミ
ガカ
カン
カエ
ゼキ
カス
トモ
リク
ゴマ
ゴク
マタ
スミ
バツ
ノリ
カビ
カラ
ウズ
ガケ
ロジ
シマ
クレ
ロー
コウ
ヨイ
ムギ
ツナ
ツヤ
サイ
ヒコ
デモ
ユミ
マヒ
ゲタ
ノリ
ルー
ミチ
フカ
パー
ヌマ
マス
ナキ
キギ
ケイ
トホ
ムチ
ノリ
ボロ
オン
シシ
ガイ
ハイ
クリ
クリ
ワン
ズレ
ゼン
クシ
ウケ
クズ
タチ
ホウ
サム
サイ
ツバ
ゲン
ツカ
コウ
カユ
ブケ
セル
オイ
ソシ
ミサ
ゲリ
ロム
ジカ
ハレ
マン
ゼン
オシ
ニジ
ボケ
ワナ
タカ
セン
ツヤ
テル
カモ
カリ
フエ
ハト
アナ
ヘソ
ヨキ
ノウ
ギフ
タイ
ボチ
ネジ
マケ
モリ
ドウ
ナシ
リス
スズ
ラン
イキ
ヨシ
セキ
リア
セイ
サブ
サキ
フカ
ソク
ハン
ゾウ
ハチ
サビ
ツル
メイ
ジガ
ワカ
ツツ
ラチ
オケ
ノン
ハル
フカ
ヨギ
トク
コト
キシ
キグ
ウツ
カシ
シキ
ユウ
ギシ
カイ
サケ
ムコ
ダイ
ドテ
タケ
クイ
フシ
コウ
イネ
ノビ
シカ
ドマ
アダ
アケ
ユレ
タグ
キシ
シバ
ガム
フチ
パイ
クシ
ウラ
ペア
コマ
サワ
ヅメ
カブ
カキ
ヨシ
コイ
ドウ
マク
カワ
ベイ
ホモ
サバ
ゴウ
エコ
シブ
ザル
ピザ
キヨ
スミ
コイ
ネギ
ナレ
クワ
オイ
ジギ
カシ
ゲイ
アマ
コマ
クゲ
キバ
ホサ
デン
フヨ
マイ
ロウ
ドウ
メド
デブ
キバ
フウ
ニン
キソ
ホリ
ノベ
ライ
コウ
ジフ
セメ
ハブ
タチ
オリ
ホラ
ハエ
ヤシ
チビ
サヤ
セイ
ソリ
ラム
リシ
シン
セジ
ロゴ
コウ
ワシ
コテ
アシ
ユゲ
シュ
ツユ
フジ
クキ
ヒダ
スネ
カケ
ジビ
モレ
カン
ヤギ
シン
コケ
シイ
ソメ
ポロ
ノミ
リカ
サシ
セン
チン
ツル
アザ
コク
ピル
モン
ギシ
ゴウ
ブリ
コジ
ソバ
タブ
キド
ダム
ヤブ
パア
ブス
ジョ
ナエ
チツ
クジ
ヘリ
トキ
アユ
アカ
ブル
アサ
トク
カサ
テイ
フキ
ツタ
コン
ヒユ
ハク
フビ
ミツ
タキ
アゲ
ダニ
ゲン
ミエ
ヒビ
コン
コム
ハキ
ツユ
カキ
ウバ
サギ
カキ
プレ
カゴ
イギ
ムク
ジヒ
ビス
ユウ
セメ
トウ
フク
タリ
ポリ
サジ
レス
ビラ
カブ
トゲ
ジキ
ゼミ
トレ
カリ
ロウ
キメ
カイ
ウス
ザコ
テン
ソロ
ヘラ
サシ
オノ
トビ
アド
サメ
アク
ゾク
キカ
ササ
ケツ
フグ
カヤ
ヌリ
チク
サイ
カム
コア
マグ
ノブ
ドク
ギジ
ヒゴ
ミコ
ジゴ
テコ
ワレ
ブイ
リツ
ナゲ
ウス
ゴウ
メイ
エロ
シメ
トウ
ソー
エキ
チユ
メガ
セン
ルリ
クラ
ギジ
ロウ
スリ
ユリ
ガシ
ヒシ
ハン
ガソ
セリ
バグ
イソ
サイ
カテ
テレ
サル
コジ
クリ
タン
カイ
カジ
ユズ
レア
コウ
コブ
シモ
キト
ソヤ
ヌカ
マス
ルフ
カン
コリ
コネ
ノミ
キガ
ナム
オネ
ビミ
カテ
ヒビ
ラチ
ジキ
レス
ラフ
ウエ
シキ
ウキ
ヤユ
キン
ナチ
マク
ハク
ハタ
ロス
メタ
トリ
イブ
ホケ
シシ
バツ
パブ
ウシ
ウミ
ハゲ
モモ
カマ
キイ
ブナ
ゲザ
ヨチ
アジ
ナダ
ボツ
コジ
スデ
ホレ
ツメ
タガ
ゴビ
ワン
ジヒ
モヤ
アン
シシ
ケリ
マリ
コケ
ジサ
ヒケ
エシ
クイ
カソ
ノラ
タン
アイ
カン
キカ
ホシ
チン
ユア
コジ
タコ
ハス
コシ
ロウ
フナ
ソウ
トビ
タツ
ゴサ
デマ
ペイ
キョ
キロ
キネ
ムジ
イボ
タイ
セキ
ズル
メス
エゴ
ビリ
ハレ
シー
タメ
ロバ
ロケ
ヒレ
ドキ
カシ
トロ
デコ
モギ
ヨセ
ソチ
ナヤ
タシ
スス
ダダ
モウ
ムキ
エラ
ノシ
エキ
ハブ
ビカ
ツバ
マゲ
ムキ
ムガ
ズイ
ダハ
ヤボ
ワシ
カマ
キヒ
ホコ
ネオ
セリ
クン
ケサ
キビ
アマ
ソウ
ホボ
ヘマ
レイ
ゴク
チシ
ジジ
サス
ハゲ
ロカ
トン
ザン
デス
ツツ
ケシ
コウ
ジダ
マキ
タラ
ヨイ
ギヤ
コイ
ニゲ
ヨカ
カミ
ベア
ソウ
フチ
バチ
マカ
コウ
シリ
タビ
ツギ
ツゲ
ジカ
フカ
トビ
アゼ
ゴク
イボ
ビタ
キジ
ムシ
ケツ
ナタ
コギ
ヒヤ
ゴロ
ケン
クワ
セキ
パチ
イゴ
カシ
レイ
ツチ
ドジ
ウニ
マゴ
カシ
テク
エズ
ウネ
フセ
シキ
スパ
カゴ
ダン
ギブ
ネガ
ゲン
ジタ
キョ
コビ
クシ
クロ
ベタ
リコ
アマ
ムイ
ブイ
チリ
ジガ
メカ
ケウ
ワニ
ゴロ
アワ
ウジ
ゴキ
イフ
ナラ
ウハ
イカ
イド
トロ
ババ
アキ
リブ
フシ
カヒ
シソ
カタ
ヒツ
ツキ
シキ
イン
ホゴ
ジン
ゴイ
ケツ
ユウ
ホメ
ロク
エト
ベラ
ガン
コブ
タケ
ヌレ
コウ
シカ
シジ
ヒゲ
エツ
ゲス
ヒヒ
カト
カン
ヒギ
ジキ
ゴザ
クズ
ブグ
カキ
トウ
ボキ
ダン
ダン
フジ
ミノ
カイ
モミ
レズ
オウ
マナ
シソ
オヤ
ソジ
ミケ
フワ
シク
イキ
サヤ
ハン
フキ
ヤグ
ヘン
ケン
イシ
ジブ
レフ
ロジ
ジキ
シゴ
ジン
チカ
ジキ
セン
シツ
ハネ
スズ
デラ
ルビ
ビク
ムキ
アミ
ヤエ
ゴケ
ヤジ
アバ
イム
ワカ
サイ
カヤ
モリ
ムゲ
ハゼ
アポ
ミス
ユシ
ゴン
エン
トク
カシ
カン
ゲン
ミヨ
ハス
イテ
キカ
キミ
カリ
パー
ナリ
コジ
サハ
プリ
パイ
グズ
コゲ
シキ
エツ
タク
ガン
リフ
ニス
アユ
ウミ
セン
クダ
ソツ
チン
シト
カサ
トカ
シト
ハケ
キョ
イン
カセ
ネリ
プラ
キリ
シケ
キエ
モア
サビ
ラム
シザ
ホラ
キト
ヘイ
ヒガ
フジ
ホロ
ジキ
ラボ
ピン
チュウ
トコロ
ジブン
ハナシ
ジカン
オトコ
コドモ
オンナ
フタリ
ヒトリ
シゴト
コトバ
デンワ
アタマ
キョウ
ナマエ
テレビ
チカク
カゾク
ホテル
ゼンブ
キノウ
ウシロ
エイガ
クスリ
トナリ
エイゴ
タバコ
オトナ
ゲンキ
コトシ
ムコウ
ヒダリ
キライ
カテイ
テガミ
サカナ
イシャ
ベッド
ゴメン
ザッシ
オナカ
ボール
トイレ
ソウジ
デンキ
ゴハン
ゴゼン
ニモツ
ヒガシ
コピー
トケイ
ツクエ
ベンリ
タマゴ
ノート
カメラ
ミドリ
シャツ
ミナミ
ハジメ
ロウカ
クラス
メガネ
テープ
ラジオ
サンポ
ペット
ドヨウ
ヤサイ
セイト
コート
ボタン
サクヤ
カレー
テンキ
カンジ
カップ
サイフ
テスト
ボウシ
ズボン
キッサ
ナイフ
サトウ
ハガキ
コップ
カバン
プール
ポスト
キイロ
ギター
キップ
デグチ
ウワギ
ジショ
キッテ
バター
マッチ
カヨウ
セビロ
クモリ
カビン
ヤオヤ
ジビキ
バアイ
アイダ
キモチ
トオリ
ココロ
フツウ
チカラ
バショ
カタチ
イガイ
リユウ
ムカシ
ムスメ
セカイ
サイゴ
ツモリ
ジダイ
コンド
キャク
オット
マワリ
リヨウ
ムスコ
ヒカリ
キュウ
イケン
ヨテイ
キブン
ソフト
ニオイ
タイプ
カワリ
シカタ
キケン
ヘンジ
ジユウ
ツゴウ
ヨウイ
コタエ
ネダン
カイワ
クウキ
ガラス
ケンカ
グアイ
ヒョウ
セナカ
オカゲ
シュミ
フトン
キカイ
シケン
カエリ
ジャマ
セイジ
ヤスミ
レキシ
タタミ
トオク
アソビ
マンガ
イナイ
ドウグ
ヒルマ
キセツ
イナカ
キカイ
シアイ
ヨヤク
コンヤ
ブンカ
キモノ
スーツ
ミヤゲ
イワイ
ケーキ
ジョウ
シタギ
パート
カイギ
カガク
ピアノ
ミマイ
キソク
ユビワ
シミン
ミナト
シタク
チソウ
ヨウジ
フベン
ケシキ
ジシン
ニッキ
サラダ
イガク
カナイ
テニス
ブドウ
ウリバ
コウギ
コトリ
ハナミ
キシャ
ジテン
モメン
ジャム
ガクブ
トコヤ
ネボウ
アイテ
スベテ
カンジ
チガイ
スガタ
テイド
イゼン
アタリ
シヨウ
ブブン
メール
オモイ
ホケン
ヨウス
フアン
ジシン
コジン
チナミ
ギャク
タガイ
ジケン
シゼン
ケッカ
リカイ
キョク
コウカ
カッテ
フクロ
カギリ
ドウジ
イシキ
カード
フシギ
フウフ
キオク
キホン
ジジツ
キボウ
ワライ
シダイ
サイト
キョク
ジドウ
キョリ
タニン
シヨウ
ホーム
ハジメ
ジタイ
トウジ
ダンナ
フダン
ナミダ
タイド
ゲーム
ネット
ウツワ
ニンキ
ナカマ
ウゴキ
レベル
ジシン
ケンサ
キカン
ガマン
イクサ
ヒタイ
オオク
キノウ
ジュウ
タチバ
リョウ
ギモン
イノチ
サンカ
イチブ
カンリ
キタイ
ドウロ
ファン
ガメン
ヒガイ
カカク
ゼンゴ
ホゾン
アップ
ウワサ
ジタク
クロウ
イチジ
チイキ
サイズ
シセン
ジョシ
ビール
ミョウ
ワダイ
イライ
ビデオ
コンゴ
ケース
セケン
コウイ
ハケン
チシキ
セイリ
ヘンカ
チホウ
ジッカ
ヒコウ
モンク
ヨユウ
データ
サユウ
イドウ
キロク
エガオ
リコン
オヤジ
シカク
ゴラン
ケイジ
ガゾウ
ジテン
シュウ
ドラマ
カクゴ
イタミ
トタン
ホンキ
フメイ
コノミ
オワリ
ゲンバ
ヘイキ
フジン
ジテン
ヤシキ
シュフ
イハン
ナガレ
キサイ
グタイ
シュギ
セイド
セイキ
セイフ
ソシキ
コッカ
ショウ
キカン
ヒカク
ジョウ
シドウ
シハイ
イイン
ショリ
ハンイ
イコウ
ツクリ
フタン
ヒハン
カイシ
シテキ
アタイ
リエキ
キテイ
フソク
モデル
シセイ
ナイブ
シセツ
カショ
ヒテイ
シソウ
イライ
ヨソウ
ヒヨウ
クラブ
センゴ
シテイ
ジッシ
スウジ
ショク
リロン
タンイ
ケンリ
ヒミツ
キュウ
タスウ
ショキ
フマン
ショク
シンリ
セイリ
イカリ
フジン
キンシ
カテイ
キシャ
ナカバ
ヨウソ
ギロン
チーム
キンム
シュウ
ナカミ
ジモト
キョヒ
ブンヤ
ライン
トップ
セダイ
リソウ
ジタイ
ノコリ
アサヒ
カンゴ
カゲン
コテイ
セイビ
トクイ
ジサツ
ミライ
タイム
サヨウ
ミギテ
ベスト
チュウ
セット
サベツ
テーマ
イッキ
ギョウ
シキン
ハカイ
ホノオ
クベツ
バック
シゲキ
ブタイ
カダイ
ハイゴ
ゲンゴ
バメン
ゾウカ
バクフ
ネガイ
ツイデ
オノレ
セッチ
ソウサ
ケイカ
サクラ
トビラ
ハシラ
フリー
アブラ
シホン
クラシ
シエン
コウジ
キネン
シート
カクホ
ワガヤ
クフウ
ユウキ
ハカセ
キセイ
ヘイワ
ソクド
コース
テイキ
ジュツ
ウマレ
フコウ
テイギ
マーク
ソウサ
キゲン
ハタケ
テスウ
シタイ
イッチ
ネンド
ルール
シコウ
ダンシ
ヨナカ
ソウゴ
ゾンジ
シボウ
ゲンチ
テイカ
ミブン
ホンブ
キョカ
プラス
ベンゴ
ケハイ
テイシ
ダイリ
モヨウ
ツカイ
カオリ
ビジン
オソレ
ジュン
リュウ
アカリ
ニガテ
ヨサン
オヤコ
ドウサ
タイホ
キコク
ギイン
フキン
ジマン
コノヨ
バッグ
ハッキ
カカリ
デアイ
ギセイ
ナヤミ
ロンリ
ロック
ワイン
テマエ
デンシ
コダイ
デイリ
カクチ
パワー
ハウス
ジコク
ジメン
ハアク
セイカ
マツリ
ショー
チジン
アンド
ローン
シテン
ジカク
コウザ
カット
テンカ
オオテ
ゲンリ
ミカタ
シルシ
サッカ
キゲン
ゴカイ
シクミ
ツウチ
ソウチ
コウホ
ジゼン
カンシ
テモト
ドウキ
ヒョウ
オマケ
サイド
ツイカ
オイル
グラス
シンヤ
リスト
ケムリ
ヨウゴ
バイク
オンド
ライト
コード
カバー
コヨウ
ジコウ
ダウン
ジュウ
ボウシ
カワリ
ホイク
ショウ
ガイブ
スキマ
ルーム
ヘイシ
ワカレ
ツカレ
シマツ
パック
キカク
タオル
ニュー
ツウカ
シンサ
ソザイ
ハダカ
ドウイ
ホウチ
エッチ
コセイ
リクツ
カラー
ケツイ
キタク
イッカ
フクシ
ケイイ
コオリ
ユクエ
ブツリ
ゴルフ
ケイジ
ミカド
メーン
スター
ピンク
ワード
コウイ
カガク
グンジ
ヒゴロ
ビヨウ
ゴウリ
リンゴ
イゾン
ヨソク
メイヨ
セリフ
バンク
イデン
ブルー
サワギ
フカイ
タグイ
シーン
ランド
ユライ
バンド
ミルク
ベース
ネズミ
ブタイ
シマイ
デート
シマイ
ホジョ
ヒナン
ジレイ
ウタゲ
ソウギ
ケガレ
サイン
キゾク
クツウ
ヒロウ
トカイ
シハン
シュト
シレイ
ルート
タイラ
アウト
アホウ
ジンジ
ホトケ
チタイ
コガタ
フゾク
トウフ
ハイシ
ブンリ
セツビ
テアテ
シンポ
ハイチ
メイギ
スマイ
フッキ
ミマン
カンブ
カタテ
ツール
ジリツ
ヒロバ
カイゴ
トウシ
ソウイ
サイド
パンツ
ユカイ
ツアー
ホカン
プレー
カコウ
ホール
シゲン
シサン
ヤクメ
モード
ソース
ヨボウ
キシュ
ジドウ
ヒショ
ジゲン
サイム
アッカ
ハード
ブーム
ホコリ
テイジ
レンズ
ジゴク
コウム
ソウバ
クリア
セキユ
リンリ
キバン
ショチ
ヒトミ
トショ
ネライ
マナー
ヒニク
コウサ
キコウ
チテン
ノウカ
コウギ
ギカイ
プラン
スープ
アラシ
シット
カッコ
ベルト
ペース
ソウリ
スウチ
ヤルキ
テンジ
キドウ
フリン
コベツ
ダンス
ケンイ
サイク
イクジ
チーズ
ハンパ
アゲク
コウカ
コスト
フセイ
シリツ
リスク
リズム
ジュク
ドレス
ダブル
コテン
イコウ
ユソウ
ナナメ
ウドン
リレキ
オール
ブヒン
ハズレ
シュウ
タヨリ
シグサ
セイキ
シンワ
ウワキ
ヒット
マホウ
ムセン
グレー
ツヅキ
ピース
ヨウジ
タホウ
ムゴン
ミウチ
ケモノ
シテン
オボエ
ジョウ
ザシキ
コドク
イヨク
ゲンド
キツネ
ソウキ
コブシ
ナンブ
テアシ
スキー
ツウロ
ザセキ
レンジ
ジャク
ドレイ
リネン
イホウ
ベンチ
カクド
ノゾミ
ケイヒ
ボーイ
ナラビ
ギシキ
コユウ
リョウ
ブモン
シンシ
ワーク
オクレ
フザイ
セイギ
タスケ
ヤロウ
シラベ
アイス
シシャ
カラス
ランプ
ケイシ
ジサン
シキチ
バイト
フード
ヤクザ
ホンネ
キョウ
センス
ホウキ
ハヤク
ケイコ
イタイ
ブンコ
イサン
コウキ
ボウズ
エアー
トウゲ
ショウ
イノリ
ヒゲキ
サンソ
ダトウ
タイヤ
ヨカン
ヘイキ
ジゾク
シバイ
ムゲン
ヨウギ
テイレ
ホシュ
ヤチン
シボウ
マクラ
ヒナン
ジナン
ネムリ
ウェブ
タシャ
フルク
カゼイ
ニンチ
カンヨ
カシュ
ヒビキ
ウラミ
ヒヅケ
セタイ
イゾク
ヒメイ
ダイチ
ヒリツ
ロセン
シコウ
シカイ
エリア
オウボ
トナイ
ケイキ
イミン
パイプ
キマリ
ウィン
マシン
シコウ
マイク
ムヨウ
ヨウシ
アワレ
メヤス
イトコ
キゴウ
イセイ
ハナレ
ロープ
カイヒ
ホケン
ハナビ
タイシ
ゴウカ
ヒロウ
シンカ
ホコリ
ナジミ
ヘイカ
オウジ
マッキ
ヒサン
トウジ
フシン
タメシ
フヨウ
クブン
ケイビ
アイソ
カフン
ヨウキ
マウス
ケイユ
センゾ
ニンイ
マイリ
オオヤ
ソウコ
コウシ
ガッキ
ヒント
イルイ
リンジ
ヤカン
デンチ
ボード
アイズ
イジメ
シソン
メイシ
リセイ
アクマ
ケイム
シラセ
カフェ
テンプ
ヘイサ
ボトル
イテン
テント
ロビー
テング
トマト
テクビ
タカラ
ベビー
レース
ケンオ
ジシュ
カサイ
ネーム
ツバサ
センイ
ライブ
ゴジツ
タッチ
ブンシ
セブン
サソイ
デスク
ケイブ
テンポ
ハライ
キオン
ルイジ
ブンプ
テハイ
デンパ
イタク
チブサ
シンピ
マブタ
リアル
フニン
アニメ
ソクザ
サカイ
チクビ
ズツウ
イフク
ヒレイ
パーク
ヒツジ
エンギ
ボート
サバク
カレシ
メイキ
イワク
コウキ
カメン
パネル
シホウ
ライフ
シジン
トウチ
ニンム
イコウ
ナイカ
ゴウイ
カンワ
ソボク
スイリ
リード
アート
オカミ
タンゴ
トザン
ホユウ
フサイ
キョウ
トック
タンク
チップ
メーク
オドリ
アンド
カソク
ラベル
チョウ
タンキ
ソウム
シケイ
ホドウ
タイキ
カセツ
イシン
レイギ
ササイ
セスジ
ヒンド
シッポ
ユダン
ヒッス
スパイ
アワセ
ゲート
タイシ
シカケ
イチヤ
リンク
リング
カテイ
シツケ
ホット
リガイ
シガイ
ジエイ
カケイ
クジラ
コヨミ
タイコ
ブック
モンブ
センム
マスク
シズク
シンギ
リンク
コウザ
ケンジ
ロング
シメイ
コウゴ
デッキ
トンヤ
クイキ
コモン
ジカイ
スモウ
オシエ
ゴール
フヘン
ランク
アニキ
キゲン
アカシ
ダンゴ
コイヌ
キセキ
シフト
タイワ
ロード
フシン
ワゴン
シール
コムギ
シシャ
ネンガ
キカク
センジ
ヨキン
リーグ
カエル
エホン
リテン
ガイド
オセン
レシピ
シメイ
ユウイ
ジイン
コガラ
メアテ
コシツ
タユウ
タンス
カエシ
ヒヤケ
ハサミ
ガード
ジリキ
カザリ
コリツ
タキギ
カーブ
ユウシ
フノウ
ゲンシ
トッサ
キコン
ジサク
ハート
シュゴ
コウシ
ジュワ
ボクシ
コロシ
ダイク
ヘンサ
トホウ
カマエ
エラー
ホンヤ
アカジ
チョウ
ミコミ
タイサ
チメイ
ダンチ
ハシリ
コクド
バブル
オムツ
カカト
スクイ
ジコク
キコウ
ネモト
ノウリ
ヒザシ
ヤカラ
ナガヤ
ヒヤク
シメイ
フタゴ
サッシ
テンシ
コクゴ
ホクブ
ケネン
ドーム
ドウシ
ヤケド
フウド
オート
ヒトリ
キドウ
ユトリ
シラガ
グッド
カンサ
コウシ
オモミ
ヨロン
モウフ
シカク
シボウ
ヘッド
マヨイ
ショキ
ヨゲン
カモク
ブショ
カオク
ホウシ
キゲン
ニンカ
ワカテ
サケビ
ハタン
シアン
ダゲキ
タンポ
コール
クダリ
カラミ
ツツム
イセキ
ドアイ
ミカン
ケイキ
インク
オカズ
ショホ
シンリ
タノミ
ソウビ
ユウキ
サンカ
ヨコク
トクイ
トグチ
ビジョ
キハン
ブソウ
スイイ
ココチ
ザセツ
シュシ
ホコウ
タコク
クサリ
ブラク
カワラ
カイコ
ラッカ
ミシリ
ゴショ
シホウ
ミサキ
カイム
グッズ
バナナ
ケイイ
サホウ
オウム
チュウ
メガミ
コウシ
タシャ
コンビ
トッパ
センロ
ムコウ
バシャ
ホゼン
ムジン
マヤク
ケイバ
コーチ
コゾウ
ヒトメ
リソク
ニーズ
ヨウシ
グラフ
ヨアケ
タヌキ
ジヌシ
ジツム
アブラ
カイガ
テイキ
ヤナギ
フスマ
ヤセイ
ホウカ
ガイム
シカン
ヤクバ
ジリツ
ノウド
エモノ
ソダチ
イイン
セイゴ
ヒニン
ブッシ
ブラシ
シシツ
ケイリ
キンコ
イチゴ
チャヤ
ヒルネ
ハキケ
キソン
フロア
ケライ
ホタル
コタイ
タイジ
サロン
ズノウ
ギワク
カメイ
イヤミ
シレイ
ヨウト
ポーズ
ホンド
エイズ
ピーク
ニョウ
クウボ
ホンケ
スイカ
オウギ
アガリ
シカイ
マサツ
ドウキ
センシ
ミジン
ヤシン
サイゴ
サンゴ
イズミ
カセギ
ユウガ
コセキ
メイボ
チケイ
マザー
イエス
センシ
ミャク
サシミ
ジタイ
ヨビナ
ソセン
オソイ
キアイ
キヤク
コウブ
シモン
シーツ
カツジ
ホクロ
チアン
エモン
ナイト
メダマ
トシン
シンプ
タヨリ
アンジ
ミダシ
ハカマ
タカネ
シバフ
ビーチ
セイブ
タウン
ヤケル
カクサ
イキキ
モサク
メイシ
キンリ
ハイキ
ササエ
カイロ
アット
サッチ
ゴゲン
ティー
セイイ
フジン
ウナギ
ハイキ
イチミ
ウヨク
ゾウサ
ハイフ
ドダイ
キシツ
ノット
ヒイキ
キズナ
ハロー
キキン
リボン
ストア
クジョ
ヘイヤ
ゴラク
フゼイ
マモリ
マルチ
チメイ
コンブ
チラシ
インガ
ショジ
サヨク
ヒラキ
ウエー
ミシン
レッド
テイカ
カンジ
ヨブン
タイイ
テガタ
キノコ
クノウ
ロウゴ
ショウ
アンチ
シンプ
フォー
ソフボ
ツリー
ヒコク
ムダン
イオン
カエデ
ゼイム
ジソク
ホソク
ペニス
サンチ
カケラ
ホクト
ホッサ
シハン
アイマ
ムード
ミズギ
シカク
カガイ
ゲンシ
ミモト
カイジ
ムネン
タガク
イット
キナイ
フジョ
カール
ホアン
ハンド
コウズ
メマイ
コンキ
ウンチ
タイヒ
ニチジ
パーツ
ユガミ
メダル
カシン
ナゴリ
カクウ
ラテン
ヒロマ
イシツ
チキン
ニンプ
ホウシ
フドウ
ズケイ
キカイ
タニマ
シッケ
コクチ
ゲスト
ツケネ
カデン
ボルト
ドウガ
タイジ
ミレン
テモチ
アライ
ギレイ
シンイ
ベンピ
ミンカ
ユカタ
メツキ
コゴエ
モラル
リョウ
シイク
フモト
シュビ
バクロ
アマミ
ムカイ
セイキ
ハソン
テドリ
レンガ
フライ
ホスト
シワザ
セイシ
チカク
ゾーン
アノヨ
チセイ
タンボ
カッキ
コイン
ゼリー
サイシ
ユルシ
マグロ
タイフ
コミチ
ハサン
ムシャ
ヘルプ
シサク
ノック
コライ
パーマ
スキル
サガク
ノボリ
テンポ
カイキ
ガッカ
カクリ
マスイ
ニチロ
ブレイ
マジョ
テンチ
キドウ
レール
ツマミ
ダイズ
フォー
ランチ
ユウヒ
マニア
ロール
ギノウ
ジハツ
モヨリ
ロンギ
タイサ
ツウワ
イドウ
エステ
ジエイ
トテツ
ミカケ
サドウ
ウエキ
コウフ
イシャ
ロクガ
ワカイ
タボウ
ソコク
ホンマ
ウツシ
ケニン
ヨウシ
カッキ
ブーツ
ドラム
シアゲ
タワー
シサイ
パスタ
アダナ
ノロイ
レモン
カサン
ギンミ
ゴエイ
コラム
ミアイ
ソウフ
エラビ
ダイヤ
セール
キリツ
ヨウゴ
ミホン
トウブ
ギホウ
ボタン
ワイド
クチク
テダテ
サクゴ
ホウイ
ヒノキ
ケイロ
トウブ
ホウビ
リコウ
カセン
メイジ
ドウリ
ゼンヤ
ゼンキ
ゲキド
ミツド
オウジ
ダルマ
マギワ
ノハラ
ドニチ
テスリ
バンジ
レンゲ
イング
ハヘン
シシン
ヒール
レター
コジン
イカク
スズメ
レバー
カゴン
ゾウオ
ムボウ
ノウチ
コック
シンロ
バケツ
カモツ
ジブン
ヒトデ
パンチ
ハモノ
テガキ
キセイ
スリー
ゼンキ
トウカ
セガレ
ハシゴ
ゾウヨ
カクジ
ホンイ
イコク
オヤツ
ケツギ
ヨダン
イッキ
キャラ
ロメン
アルミ
カワラ
ムチャ
ナガシ
タイキ
ガール
キガエ
チャン
シサツ
ベンギ
メカケ
チノウ
ナンカ
ハンシ
カジツ
ナツバ
シガイ
フカミ
キット
ジシャ
レーン
サンギ
ラスト
ズシキ
ゴガク
トソウ
ナオシ
アユミ
サイブ
ミコン
エンギ
オカミ
バット
サシズ
サカナ
ネツイ
ヨロイ
ピアス
コタツ
オキナ
アツミ
ライス
ロマン
ブゾク
ユウヨ
シナイ
トリデ
ウンガ
ヤグラ
オウト
ボウビ
コカン
ズメン
アクム
ブンカ
エンキ
クカク
フニン
ダイギ
クルミ
ブンキ
ガッチ
ハッパ
ヒッキ
カヘイ
ミダレ
カザン
レッカ
ドウカ
マツゲ
ウロコ
マカセ
カテイ
ハメツ
イエデ
ザッカ
カシツ
サンゴ
メード
セント
コイシ
リダツ
ミナリ
クカン
マナツ
デバン
シレン
アンポ
ノミヤ
メセン
カイヒ
キタイ
コネコ
ネドコ
ノウフ
ジゾウ
キョウ
トライ
カツオ
ガイロ
フハイ
ロウヒ
カンキ
パンク
ダッコ
ワフウ
イタリ
カチク
ホリョ
ジソン
アイブ
ホソウ
リッチ
タブー
カイカ
アセリ
ナマリ
ヨゾラ
カツラ
ヒケツ
コウイ
ポット
フェア
ゼンイ
スイフ
ムホン
タハツ
ポート
ネック
ハレツ
バイオ
イショ
クナイ
ウェア
コダチ
レイプ
テキイ
ソブリ
レンサ
ムメイ
ダイシ
ムシバ
フロバ
ガシツ
テツヤ
フキツ
モホウ
テグチ
シノギ
フルエ
ヤタイ
コユビ
ケガワ
ヤサキ
ホンイ
ガッキ
ゼイリ
テラス
キカン
ウミベ
ナガメ
カロウ
ビット
セイシ
タタキ
チコク
フォト
クヨウ
メグリ
オモヤ
コオウ
テホン
ツヨキ
ハイカ
シゲミ
ソング
キリン
キキメ
ソガイ
イヘン
ギネン
キメテ
カブト
カブカ
タカイ
ベール
デンカ
アテナ
セイザ
ムスビ
マヌケ
メシタ
チホウ
サムケ
ニモノ
カネツ
シコウ
ゼンド
テンカ
モウケ
ボタイ
ハダシ
フウミ
ズキン
ソカイ
ユウギ
ウンユ
セイキ
ドボク
ネッキ
インコ
ビコウ
アクイ
ゲット
ジジョ
ヤヌシ
コブネ
ジテン
トウキ
イナリ
コゼニ
ゴテン
フンカ
バンチ
アンキ
アグラ
ハーフ
ハクイ
シタジ
セイシ
バクチ
トウキ
オトメ
シニセ
ペダル
フダン
テガラ
ヤバン
ジヘイ
シャミ
ナミキ
コーン
キジツ
ザイム
シセツ
シキョ
フケツ
マクロ
タトエ
ジュウ
トーク
テンシ
ダラク
セラー
シュジ
イゲン
タキビ
シコウ
ショカ
スイソ
イロン
ジャー
キレメ
ポテト
ヒツギ
ナイム
ショウ
ネビキ
ネウチ
トンボ
イワシ
シュビ
ウラテ
キアツ
コダマ
ハイク
ポルノ
ジヘン
カコイ
コッキ
シルク
クイズ
カブキ
ベット
ドシャ
マルタ
エイト
ホカク
ツキヒ
トカゲ
キママ
シヘイ
カスミ
タハタ
コモノ
ヨコメ
ソシツ
シッソ
ワイヤ
モデム
キセイ
リメン
イロケ
ナイチ
シュラ
ミンジ
ムクチ
ボンチ
ヘイチ
ナゴン
シメン
キザシ
フサイ
タイジ
ゲリラ
ヒナタ
コジキ
グンブ
スミカ
オウヒ
ポンプ
ネンシ
バッタ
ブルイ
ナース
ツバメ
ハンジ
シキリ
ヨット
デンキ
サテイ
サダメ
サガリ
ジャズ
モケイ
エース
ヒガン
タモト
ブッカ
ネッコ
スバル
オチド
ジモン
トウヒ
ソロイ
カドウ
グルメ
フクブ
オキテ
マツバ
ジジョ
サカサ
ドウワ
フシン
エンド
タンソ
シダン
イセイ
イニン
ハズミ
ホウム
カキネ
ペンキ
タイギ
ワシツ
シイレ
クギリ
モハン
テヌキ
セゾク
フロク
ツツミ
ユブネ
ツボミ
ユクテ
ノレン
アマド
ネムケ
セタケ
コーラ
スワリ
ウンコ
ステー
サンビ
ジブツ
マワシ
オーラ
ジカン
カッパ
マイド
カダイ
ムノウ
ギソウ
サマー
ホース
カッカ
ホルン
アヒル
トーン
アクビ
カセイ
ウカイ
フウン
マウエ
ゲンセ
センク
ネンピ
フォン
ダイリ
マント
ベンキ
ネイロ
シェア
キムチ
ヒカン
カンド
コウコ
カンキ
ヒサイ
ダンジ
テサキ
キトウ
ルーツ
ガンカ
キイン
ワフク
ニシキ
スイジ
シャコ
ソセイ
ウキヨ
イヤク
バトル
イレイ
ザイコ
アッケ
ゼント
タイル
ネアゲ
ココン
ハコビ
チメイ
ワサビ
ビボウ
カケイ
ケイフ
イヤシ
ブカツ
ワタリ
ショキ
トレー
イヤケ
ピンチ
サンチ
ツトメ
コウカ
マユゲ
コウリ
サクシ
オペラ
シャレ
ケイゴ
ギゾウ
スカイ
トマリ
ヌード
カナグ
アシバ
コシツ
チヘイ
キヨウ
コウキ
ホンバ
カソウ
エカキ
プラザ
カンチ
デンジ
ヨトウ
メサキ
デンキ
ミカク
ケヤキ
ロッド
オウケ
ゾウリ
ツナギ
ミブリ
ホセイ
ガクヒ
アカゴ
シュシ
ハオリ
オオセ
トコウ
ソクイ
アキチ
ハザマ
キョギ
カンキ
ハーブ
シコリ
ギケイ
シビレ
クナン
イルカ
メグミ
ヨジン
ボコク
ヒダイ
コンロ
リクチ
シンギ
ウネリ
キガン
カタン
ムソウ
ハグキ
イッテ
トダナ
ユエン
ゼック
ウィズ
ダエキ
ラップ
オデン
ハバツ
ピッチ
シガン
ナマミ
トウチ
エタイ
ハタチ
マエバ
イビキ
ブゲイ
イタン
シテイ
サイシ
ロウム
シザイ
ヒカエ
シカク
ネンジ
アツメ
マツビ
デンキ
ゲンソ
ケイゴ
シュク
ジセイ
ジョシ
カラテ
ハクシ
ギゼン
シドウ
シウチ
カンチ
フロム
マリン
テビキ
シュン
ナサケ
シガイ
ゾウキ
メタル
クサキ
ワラジ
ジンイ
タムロ
ツナミ
コクム
シュシ
ガーゼ
オガワ
ショウ
シニン
マーチ
キゾク
ヤガイ
イカダ
カレイ
セイキ
タロウ
ロック
ウレイ
シッタ
パッド
ギケツ
ホソミ
スイロ
トライ
サカヤ
タシュ
フユバ
セルフ
マダム
キカン
クシン
ゲスイ
コノハ
イアツ
モール
セイド
ダンワ
ケイシ
サガシ
ヨウビ
ゾウキ
アマエ
チマタ
シユウ
サンタ
カンリ
ジンチ
コズエ
ショシ
サワン
テンイ
フオン
ポップ
ネオン
ゴクヒ
アヘン
ワケル
デンカ
ジシツ
テール
チョコ
ヤコウ
マトメ
ガイシ
ハマベ
ウツロ
タヨウ
ミガキ
ゲシャ
ミケン
イッパ
シツド
ウルシ
トウユ
ハセイ
フコク
キテン
シント
ウサン
テダイ
ナゲキ
シキイ
カコウ
サカテ
ホカン
ヒサシ
アラノ
カジン
シヘン
カヤク
ヘルス
ヨーガ
ニキビ
メロン
ソウキ
ブカイ
ゲダン
エイリ
オンチ
キープ
フシン
クウチ
ソバヤ
ジメイ
キミツ
ターン
フムキ
プラグ
ウカツ
ミミズ
ジバン
ケンチ
コカゲ
ラクゴ
ゼンラ
リチギ
ツヅリ
シャク
キジョ
クトウ
ヒョウ
ナマリ
ヨワミ
コショ
ダカイ
ミバエ
トウギ
シシャ
ユノミ
ミクロ
タクチ
フヘイ
キセイ
ナンイ
オオメ
ジシャ
ワヘイ
マドリ
スガオ
キハク
リリク
キガネ
ジッピ
ケジメ
カワセ
ジマエ
シフク
リース
キトウ
コドウ
オトシ
ダシャ
コウソ
シラミ
ワコク
ホウジ
ヒマン
ヨホウ
ケンビ
ヒクツ
テツキ
チノケ
ガイヤ
バトウ
ビトク
メイロ
タンシ
ドウキ
エビス
コウロ
ヤトウ
ソウシ
ツイキ
サカバ
ウッド
リキシ
ミスイ
ジニン
レート
オウイ
シソク
ムシン
ドリル
モウラ
ギャル
マネー
ヨダレ
マップ
ミワケ
ナヌシ
ヤカン
ジコウ
ラセン
ビーム
ジンカ
ガクハ
ダーク
キフク
シリョ
ゴカン
ジデン
カソウ
コガイ
リョヒ
カサネ
ゲンユ
カガク
リンカ
アカミ
オモニ
ゼセイ
ソクシ
ラクダ
パール
ウチワ
ハマキ
ムーン
ネオキ
ラッパ
リリツ
ヒバナ
カイカ
ハット
トリイ
セボネ
ユーロ
テヂカ
メッキ
コクホ
イセキ
ヒコウ
シスウ
テンカ
ジユウ
プレス
シナン
コウカ
ジッシ
ヤッキ
クドウ
スラム
ウエア
シュキ
タエマ
セック
ゲザン
マフユ
ホウキ
デンパ
ムジツ
フゼン
マガリ
マンキ
ネンド
センテ
ソッポ
トバク
ヤボウ
ブイン
テイジ
ニンキ
コウワ
バード
キコエ
ヒッシ
イワレ
ダイゴ
キレツ
コモリ
シテツ
サコク
フルギ
エール
ノルマ
イヤー
ボキン
コブン
ドッグ
フロー
シコウ
ロテイ
ヒライ
コモチ
イチザ
ソウシ
ガクヤ
アクジ
イアン
イリエ
ボウヤ
ムセイ
ビガク
カヨイ
ハモン
ゲキカ
ブロー
メンツ
サツイ
ハケン
マシタ
ゴッコ
ミガラ
ジャリ
ヒップ
シブキ
キケツ
ジレイ
ヘンイ
ハドウ
ガンカ
ツウカ
メジリ
シンク
ゼンカ
トッテ
シサイ
シツム
コノミ
タクミ
ヤハン
コウジ
カホウ
パット
トリコ
リガク
マモノ
ボダイ
シュー
カクシ
ジッチ
シイン
ヨセン
イブツ
ダイチ
タンカ
ウノミ
ヨウジ
キサキ
ココア
バール
サクイ
セキム
コフウ
テギワ
カート
ハイビ
ニオウ
ウセツ
エノグ
セイシ
イソウ
ユウベ
バセイ
カケル
ハテシ
コウグ
カザイ
クンシ
フウサ
オモリ
ダツイ
シハン
ブライ
イソギ
カジノ
ハット
パズル
イブツ
コフン
ヒヘイ
カンビ
ビーフ
サンカ
タアイ
オンシ
アリカ
カセキ
ソガイ
ヒカゲ
ジセイ
ワカメ
ノリキ
コウフ
ミメイ
タウエ
トウカ
ムザイ
ワレメ
カソウ
コウギ
サンマ
ミムキ
ベット
コウイ
エジキ
ダンロ
キキテ
ムテキ
セイハ
ヨイン
フロウ
クルイ
キセキ
ハドメ
タイヨ
ゴリン
サトリ
ニンプ
ヘンロ
ヒツウ
エコー
サイギ
バレー
ヤケイ
ハタゴ
エダハ
ラタイ
ウケミ
ボサツ
アンチ
カエン
サッキ
レイキ
ロウシ
キヒン
ヒバチ
フミン
オンパ
メツケ
サハン
フケイ
コハン
カバネ
リトル
ウォー
ミリン
トモエ
タイコ
ギャグ
ニダイ
チェア
ミドル
トクギ
ヒバク
タヅナ
メモト
シロキ
カセイ
バルブ
フズイ
シッチ
スシヤ
イジン
オモキ
フユウ
ナンギ
ツワリ
トメド
カルテ
マルミ
シナイ
サンジ
ダイジ
ジュシ
フヘン
カイキ
ヒンプ
シテイ
カビン
サーブ
ワラベ
ドカタ
チドリ
ドウギ
チッソ
ランシ
キンシ
ジダイ
ハカバ
カダン
ズガイ
ソナエ
ムホウ
フゴウ
ゴフク
ダイリ
ブンケ
タカミ
チカン
マムシ
グンビ
アズキ
ウール
トウハ
サウナ
テキキ
ワジン
ドゾウ
シチヤ
サイコ
コロン
タイガ
トウヨ
ミイラ
タワイ
タイカ
ニアイ
コウシ
インシ
メザメ
ハンデ
ボッキ
マドベ
オクバ
シップ
ブガイ
シキソ
ナンパ
トイキ
ターボ
ワカバ
リフト
シンジ
キガイ
ロウソ
ケイト
キバコ
ハンギ
ボセイ
ソクジ
ギョバ
セノビ
ヤング
ワタシ
スキン
ニシン
キザイ
コウキ
キゼツ
ジュリ
トッキ
セーフ
タケン
ブトウ
ネール
ホッキ
ジュズ
トリエ
ノリバ
スアシ
オドシ
クセン
フフク
ザック
ポーチ
ヒケン
ヤヨイ
キック
カロウ
ワルギ
ロウシ
ジクウ
セイボ
チェス
トオデ
カタメ
ホコラ
ウナリ
ギフト
アーチ
ネイリ
サドウ
ブドウ
オカマ
シコウ
スコア
ダシン
パンダ
ラップ
クボミ
タンキ
セッキ
カヌー
ムジナ
コヅレ
キカン
テンカ
アラシ
フウウ
シタテ
ヤード
ムケイ
モント
カレイ
シップ
ロテン
コウチ
ケアナ
カイテ
ヨクシ
ニブン
スダレ
ヒヨリ
セイチ
ビュー
ガクシ
カセツ
イツワ
オクチ
ダッピ
マグチ
マアイ
サンプ
シロミ
ブスウ
コウギ
ヒワイ
モフク
ジョイ
シレツ
カケツ
クルー
キョム
イット
ヨウゴ
ウオウ
サオウ
ジダン
ユース
ジップ
キシベ
ミズホ
キナガ
ダエン
ヨウフ
ダスト
コクソ
ヤドヤ
イヒン
シメツ
ジガイ
ニシャ
ブカン
イコツ
シンカ
クヤミ
カチメ
イカリ
コウチ
ホタテ
ツイン
モゾウ
トウタ
シサク
キケイ
コヨイ
ヨケン
ユケツ
ニッカ
セイカ
トマル
ジョジ
ナマコ
マイゴ
ミズベ
チカウ
ジロン
テシタ
アツデ
ドウギ
カイコ
ロウカ
リクロ
カイギ
イクタ
フクリ
トベイ
ガイカ
ジツボ
オナラ
ソゼイ
ヘビー
カクギ
オクリ
ツバキ
コゴト
マスト
ハンコ
ハナヤ
ウチワ
アワビ
マガオ
ビキニ
スリル
ナギサ
カラシ
ヒグレ
ツキヨ
シジョ
キガイ
ニガミ
レタス
ゴウウ
イヤー
オサエ
ジセイ
エノキ
ギャラ
ハガネ
ヌスミ
ダイザ
ヒョウ
ホウキ
ユウシ
ハナヂ
コウコ
シング
ハギレ
サセツ
モンカ
ナイヤ
ソウイ
カユミ
シジミ
リケイ
シキン
ロケン
ヌノジ
ヒタン
サシエ
ミドウ
ブジン
ノヤマ
インシ
コクフ
タンチ
ドクロ
ヨミチ
カリン
リンキ
サンミ
チエン
ホシン
ジテン
ワイロ
コバン
イセイ
ニチヤ
キフウ
ホオン
コクウ
ギテイ
カゲリ
コソデ
エッグ
カンプ
ゴサイ
ズガラ
ユウチ
カゴウ
ミズキ
シンク
ジュヨ
ホヨウ
ミゾウ
ホウコ
モンカ
ヨウガ
ヨワキ
ボウカ
サコン
ユズリ
シオキ
チケン
タンヤ
コハク
コウカ
センイ
ツツジ
テハズ
セイボ
カヨウ
タイク
アルト
メモリ
ソーダ
カマド
サンヤ
シサク
コウボ
シカイ
カタズ
フゴウ
ワオン
キヅキ
モヤシ
コマク
ノイズ
ネガオ
デマエ
トウザ
マイコ
キカイ
コケイ
サザン
ハイタ
マート
マルク
フブキ
イッキ
クモン
セツワ
シゾク
ミテイ
スノー
ヒノデ
アトチ
ゴカン
ゲキガ
コエダ
スウキ
ウガイ
イガイ
ネマキ
キシュ
リーチ
シモン
ガロウ
シェフ
ヤキン
キョウ
シブツ
ゴクイ
カレハ
ミカイ
セツナ
ヨナキ
キヘイ
ピント
リレー
ミモン
ジソク
ゾウゴ
キセン
ボンベ
ミヤビ
ラレツ
ニボシ
メハナ
ジトク
タメン
スゴミ
サツキ
ジバク
ツヨミ
フユウ
コウム
ニシビ
イハイ
モノミ
イキョ
ラリー
センド
リケン
ハダギ
ドトウ
ゾウゲ
ドウシ
ケッキ
アキヤ
メウエ
ゲップ
ホウカ
ブログ
セツリ
シカン
ヒレツ
ロテン
ヤセイ
ホソク
ウチキ
バリア
ツブシ
シジツ
ヨメイ
エイヨ
ボコウ
ソセイ
ヒキド
ジハク
ギシン
ガイキ
サンピ
クズレ
フゴウ
セイム
イソウ
ウモウ
ビナン
ソウギ
ユミヤ
デッド
デダシ
シナン
センス
タライ
ハスウ
フツウ
ヒキデ
ムキズ
ミセス
オキバ
リトウ
ヒンシ
タイイ
ギコウ
チサイ
タッシ
シャク
ソツウ
オンブ
ユウイ
カモメ
サラシ
コウビ
ホウイ
イケイ
イオウ
ニッシ
サバキ
トルク
ビート
ズーム
マナビ
ヒニン
レート
サード
ルロウ
エンジ
カワモ
キドリ
ミキキ
シャリ
ナダレ
シゾク
ハカリ
マダラ
ヤシャ
オンド
フィル
ニワキ
アサセ
イコウ
コウチ
コクシ
シリメ
マビキ
ジープ
エンゴ
カミン
ニゲン
ヨリキ
ホテン
コッカ
ドット
コウシ
ギセキ
エイチ
ポリス
ノウフ
ギマン
ギマイ
シロメ
ナノリ
ジハン
カイコ
チスジ
メダカ
セイボ
リベン
ミゼン
タイシ
セント
シハツ
シンギ
ウェル
ザダン
ムエキ
マゴコ
ネダリ
ツミニ
ゴカク
キワミ
シュイ
スミレ
ゴタイ
ガレキ
ガンソ
シツジ
ラクサ
ガクフ
グウジ
ショシ
ミノリ
バスト
サイキ
アンズ
ルック
サイタ
サンド
ハゲミ
タゲン
リップ
タカク
オッテ
トオメ
コトワ
テブリ
ニゲバ
シツイ
ブンブ
ヨハク
ポップ
ヒアイ
ラック
ヒボウ
クラベ
ケンギ
ヒニン
カタミ
セイホ
アース
ウツリ
シロジ
フセツ
スナジ
パレス
チテイ
タスキ
オコシ
テンキ
ユウカ
コウラ
トクハ
ボイス
ブアイ
ザンゲ
ビネツ
ブース
フクミ
キンキ
ソナタ
タモン
ジベタ
ジツワ
デサキ
セダン
コウカ
コウシ
イダイ
エガラ
ドスウ
カカイ
ウィー
ドウケ
ヒマゴ
コメン
ヒラヤ
シノビ
ネサゲ
ホサキ
ツウキ
リーブ
スハダ
ザット
クビワ
チョキ
コザラ
シフク
キャド
キラー
ホープ
ハンガ
フカク
ホウキ
ダトウ
ジゴウ
トウキ
キバツ
オウカ
モクバ
イタチ
テンマ
カワキ
アラテ
タンカ
ヒシャ
テンカ
フジョ
アンプ
テイリ
イタデ
モチバ
カンシ
フキン
コスウ
グリル
イッカ
ネンザ
ドセイ
ニクヤ
ギテイ
クロジ
フンヌ
ブユウ
マイヨ
キコウ
イブキ
ヨセイ
シケン
サンバ
ジメツ
キッカ
コンイ
ハツガ
マオウ
シンワ
ツドイ
キカン
ニガオ
バニラ
コッコ
ジアイ
キヨワ
ザイイ
フジン
ジヒツ
ガラン
ゲナン
ザゼン
コスイ
エンカ
ミワク
ドセイ
チタイ
コスウ
ドール
カイリ
スノコ
シーク
カント
カトク
ゴニン
オモシ
コジン
グゲン
フビン
クメン
ムジン
サリー
ジライ
ヘキガ
メッセ
ケシン
ハカク
ロトウ
ハンシ
ゲージ
トリツ
フセイ
ウマヤ
ショサ
コウリ
ヘイソ
ダセイ
ヒヅメ
ブベツ
ケイズ
シツギ
アンキ
ネコゼ
コウジ
カタメ
キリツ
サセン
ギンガ
ピット
ミズケ
イシン
ダサン
ムシロ
ガクシ
アジミ
イゾン
ボウハ
ビコウ
グソク
ブヨウ
ヤスネ
フタイ
エレキ
カシャ
トグロ
キテン
ドギモ
トウシ
オブツ
キテイ
ヒモノ
ヤリテ
ゴリラ
ビップ
ガウン
ジトウ
ヘコミ
ダソク
ジマク
ブング
ブナイ
ネング
アミド
キソウ
コウシ
ボカン
ムソウ
ボウフ
アンダ
ケンシ
ソゲキ
ヒラメ
ミツギ
フナイ
オメイ
メトロ
レイジ
カノウ
デンブ
キシン
ヨスミ
ビフウ
チンカ
ショム
ミンワ
ムフウ
マチヤ
ユウホ
シンロ
コジマ
イチリ
ナフダ
ドソク
ゲジョ
ビサイ
ドゥー
カキテ
バッジ
ズサン
コトウ
ビィー
コクジ
パッチ
ソソウ
ショウ
ロウヤ
テウチ
パクリ
キタイ
ヒマシ
シキブ
センチ
カンブ
バクハ
シサン
ヨフケ
フナレ
トエイ
ゼンブ
フレル
カソウ
ホケツ
セーブ
フテイ
ヒソウ
ベッシ
ハクリ
ホウワ
タイダ
ミツユ
チケン
コグチ
リール
カレイ
セソウ
ドゴウ
キソン
ヒラテ
ヤブリ
ハダミ
ムガイ
ショシ
シンリ
タカセ
バレエ
コロウ
キテイ
ホラー
オヨギ
ヨウシ
キンジ
ヒリキ
カンカ
ホゲイ
フメツ
クラゲ
アオリ
アオイ
ゲラク
オニゴ
オカン
ミハリ
ヒガン
ヒロイ
ネホリ
シエイ
トウシ
ジゼン
スルメ
コウジ
テキシ
ヨウグ
アナル
トウキ
シャジ
フシメ
ココク
クロメ
コハル
キセイ
コヤマ
イワバ
ライト
テダシ
カシン
ヒドウ
ソヨウ
ハップ
ヤマテ
ドナー
ダボク
スペル
ドウウ
キトウ
キトク
キマエ
ノボリ
クツヤ
タコウ
カクブ
シセイ
シゴキ
シガイ
ユラギ
シセイ
ブリキ
スミビ
ウタイ
ジニン
チーフ
モンピ
オタマ
メイカ
ナイン
シュカ
シラミ
ユスリ
ヨウボ
ホウチ
クッシ
ギメイ
シトウ
ジセイ
クモツ
ヒドリ
コウソ
コワネ
イチジ
フリコ
コワケ
ミート
シマリ
サグリ
フテイ
トウケ
ソコウ
ボーン
ケイジ
ネタミ
ダンサ
コウイ
フグウ
モグリ
ケナミ
ビドウ
ムクイ
ヒムロ
ミギメ
トガメ
センカ
シワス
トウヒ
エンキ
ゲキハ
リョウ
イレバ
クリゲ
マジン
ボウル
ネバリ
ボツゴ
ハジキ
アレチ
クボウ
ヒガサ
エージ
ムース
ユアツ
ピアー
ヒケツ
ホッペ
テツケ
キゲキ
ムクロ
カシワ
ヒンイ
ハック
グンテ
ジバラ
ジケツ
ゲネツ
ヘチマ
ソウダ
ヒート
コルク
キカン
ジジョ
キキン
イッキ
タール
シタイ
センギ
セツド
フソク
メイシ
オサメ
カンイ
リコウ
ナット
サイン
トキワ
モクジ
ゴソウ
ロボウ
リンス
ゾウニ
ノボル
アソン
アワー
レザー
ホマレ
シエキ
ウリテ
オーク
シード
コサメ
ティア
ヨネン
フコウ
スズリ
ボイン
コサン
ダラシ
デキシ
トタン
コナシ
キウチ
ツキミ
デマド
シュゴ
ジンギ
ジスウ
コウボ
ニソウ
フット
カカシ
ハトバ
ハホリ
ゼンジ
アエン
バトン
トッピ
ヘイキ
オエツ
リハツ
フウカ
ドウシ
リョウ
コンパ
ホシツ
ノウキ
カモン
ヨワネ
ハタメ
インブ
ウワメ
モシャ
シワケ
ソウジ
コカツ
ネンキ
オンワ
コウイ
リバー
ニット
シタミ
ウワベ
ズイジ
ユブン
テイチ
アラレ
ゲカン
バルナ
シンド
ホイル
コスメ
コブツ
ボショ
ダセキ
ジホウ
シャバ
エクボ
ウルウ
ヒガミ
タイト
キリミ
ヘサキ
ガッツ
デニム
コクシ
コマド
タンサ
ガクト
ケンジ
イタミ
ピック
ヨダン
ビチク
スワン
ウラメ
ハッカ
ショコ
テジナ
モグラ
テイソ
フソン
ギダイ
センカ
トウシ
アロマ
アンピ
サケメ
キユウ
タイカ
ヒデン
カチキ
タンカ
オリメ
オウシ
ブザマ
コワキ
シセキ
エボシ
タネン
ワダチ
スソノ
イケイ
カタミ
イモノ
ハヤシ
テーク
カザマ
タンカ
ミタテ
オンミ
サドル
マヒル
リハン
ベツリ
メート
ユウリ
イシク
トミン
シベツ
オトリ
ヒゾウ
ヤクシ
ラバー
ウイル
アトム
ハッチ
ゴウギ
フハツ
コウビ
シカン
チノリ
シカン
カイロ
チェロ
ライセ
ヒモチ
ダンカ
ケンマ
ハイム
トウカ
リンチ
モウイ
ロウバ
カッパ
カルト
フェラ
ミヨリ
イロウ
テサゲ
フッコ
シラフ
ミント
シオリ
アカゲ
タイツ
イジン
トネリ
ヒネリ
キハツ
カンロ
ピュア
シセイ
カシツ
ガンジ
コウフ
アクア
ハイツ
イケン
クドク
ソウケ
グンイ
キウン
ヒショ
ツヅミ
シシツ
マヨコ
ダッチ
ケンム
ボケツ
リトク
シボリ
ブンボ
トッカ
カセイ
ペテン
シング
カンチ
アミメ
イート
セイシ
カイカ
シニア
モスク
トシゴ
ホクイ
カコウ
ベイソ
クチビ
デッチ
ヒダネ
シュウ
シトウ
ドウワ
タイカ
コウロ
エフデ
ルツボ
キナコ
イロリ
タタリ
ジセツ
ワルツ
シカク
キセル
ナザシ
オウジ
シヨウ
ビヒン
ハナワ
ウィル
ヤラセ
コタイ
アンマ
ユリネ
キタイ
オヒレ
ヒメン
カワヤ
ジアゲ
オチバ
イコウ
ナイス
キッド
ミゾレ
ジハダ
ゴウゴ
ヘルツ
ケイド
ビエン
カジン
ジゲン
カルタ
ヌマチ
カナエ
ハイソ
ネドコ
ジショ
セイキ
オンギ
ソセイ
コウブ
タチイ
リンパ
インジ
ダタイ
ボウグ
イホク
ヤマダ
カゾク
シデン
トトウ
ギョイ
ゾンビ
シェル
ギプス
ヒルイ
ホウカ
ウノウ
ミキリ
フモン
キジン
チシツ
ループ
ワカナ
ヌケメ
カハン
サニー
ブザー
オトギ
ランブ
テーゼ
チンプ
カキョ
シテイ
シュワ
コレラ
ユキバ
ホップ
カノト
ハライ
セイキ
アンヤ
ムクミ
ヒノテ
キシン
タワシ
ボトム
シンク
セイヒ
ゲコウ
イナン
チセイ
ヤツギ
キツケ
テラコ
フサク
ゴボウ
サッチ
キバク
メイド
ヒシツ
アカミ
ジョヒ
アサギ
クサチ
ヤトイ
ナライ
リンネ
ガクイ
カミツ
ミクジ
カクシ
ケンジ
ラシン
スパム
カジュ
シンビ
メイガ
クワケ
イバラ
スナバ
ハモン
コント
ススギ
セイチ
コウリ
サライ
キメイ
ヒバリ
カネツ
オロシ
ダコウ
エイガ
ザトウ
ヒヨク
セキヒ
エトク
フロラ
ダッシ
カーキ
フウシ
クサミ
サバキ
ヒサン
サンジ
フロウ
ダミー
チンザ
シネン
オオジ
ノガレ
サウス
メジロ
キシュ
シカリ
ナカイ
ゼニン
ムカデ
ムケイ
ヤセン
ワヨウ
タサツ
フナカ
シダイ
ウズラ
フトウ
シブン
ゲボク
ドリー
カカエ
バッシ
カノン
ミコシ
トロウ
トビヒ
ジボウ
イガン
パース
タマリ
カイズ
イロハ
イコイ
ナツメ
ヒンバ
モトメ
ヒノメ
ザクロ
イホウ
ヤクゴ
ギンカ
ユウシ
ムオン
オキバ
ヘイジ
コツブ
キセイ
ホック
アキス
アラキ
シザン
ナッツ
リサン
ビーズ
イレイ
ミヤマ
イップ
コウマ
ポッド
アオミ
トオシ
シグレ
サトゴ
キウン
カドウ
ヨドミ
バルサ
ホウガ
ゴサン
ウデワ
ユウジ
グンム
ヒウン
ツクシ
イカイ
ヤスリ
ベリー
カスリ
カマイ
ヤゴウ
カイソ
ロンシ
ガハク
イチロ
クボチ
タサン
テブラ
エンソ
グザイ
ケイジ
コウニ
ジシツ
ニコミ
シセン
シオリ
ホブネ
ボシン
ズカン
キスウ
ミセヤ
エイワ
カコウ
カシヤ
カセン
ケイド
カンワ
フクシ
シシャ
ムカエ
ブシュ
ペンチ
ワエイ
コート
カシマ
シタビ
タンパ
キマツ
ジタイ
ケイキ
ジシュ
ゴバン
テワケ
セイザ
キゾウ
カンゴ
ギアン
タルミ
エイジ
ダンプ
マネキ
アテジ
メカタ
ツギメ
ワブン
ブツギ
モクト
キケン
ダサク
ケイグ
タイブ
キカン
カガイ
ジョシ
ウテン
ゲップ
シンド
ブンゴ
アマグ
ヨソミ
ダケツ
カセン
タドウ
スウシ
イケン
ススミ
ホントウ
シツモン
モンダイ
カイシャ
イッショ
センセイ
ケッコン
トモダチ
ガッコウ
ダイガク
マイニチ
シャシン
リョコウ
リョウリ
シンブン
バンゴウ
ビョウキ
ハンブン
ガクセイ
トキドキ
ギンコウ
テーブル
デンシャ
コーヒー
オトウト
イモウト
ガイコク
ゲンカン
オンガク
ドウブツ
タテモノ
カイダン
センタク
ニュース
ツイタチ
コウエン
アパート
ユウガタ
カイモノ
タクシー
イリグチ
スポーツ
ニチヨウ
ポケット
キョネン
タベモノ
オオゼイ
マイトシ
ヨウフク
マイツキ
ベントウ
ライネン
フウトウ
スカート
ショウユ
デパート
シャワー
ケイカン
ゲツヨウ
フィルム
セッケン
ノミモノ
チャイロ
キンヨウ
ネクタイ
コンゲツ
ハンカチ
マイバン
チャワン
マイアサ
クツシタ
セーター
レコード
コンバン
クダモノ
カタカナ
ユウハン
フォーク
コウチャ
ライゲツ
エンピツ
スイヨウ
センゲツ
スリッパ
ハイザラ
ストーブ
スプーン
ヒラガナ
モクヨウ
コウバン
テアライ
オトトイ
サクブン
ブタニク
ホンダナ
アサッテ
オマワリ
ラジカセ
オトトシ
トリニク
ヒツヨウ
ジョセイ
イジョウ
カンケイ
サイキン
ホトンド
サイショ
セツメイ
シンパイ
セイカツ
レンラク
ダンセイ
シュジン
ケイケン
ソウダン
ゲンイン
ケイサツ
チュウイ
ショクジ
パソコン
コウコウ
ウンテン
シャカイ
トチュウ
アンシン
ダイタイ
キョウミ
カッコウ
ウンドウ
ハンタイ
バングミ
アイサツ
ヤクソク
チェック
ビックリ
ホウソウ
キンジョ
シッパイ
センモン
ジュンビ
センパイ
シツレイ
アンゼン
アンナイ
スーパー
センソウ
ケイカク
テキトウ
タノシミ
ギジュツ
ショウチ
コウツウ
エンリョ
クウコウ
ケイザイ
マンナカ
ホウリツ
シンセツ
ブチョウ
テンイン
ミズウミ
フクザツ
カネモチ
シナモノ
タイフウ
コノゴロ
ウケツケ
コクサイ
ジンジャ
オモチャ
カイガン
ガソリン
リョカン
カーテン
チュウシ
オーバー
ワリアイ
ケンブツ
コショウ
カチョウ
ハツオン
ユニュウ
ドロボウ
ブンガク
ジンコウ
セイヨウ
テキスト
デントウ
セイサン
タイイン
ホンヤク
テブクロ
スウガク
ヒキダシ
ハイケン
スイドウ
ダンボウ
スイエイ
ノリモノ
コウガイ
サンダル
レポート
オシイレ
ゲシュク
ボウエキ
レイボウ
ステレオ
ステーキ
ワープロ
ブンポウ
デンポウ
ユシュツ
コウドウ
ヨシュウ
テンラン
タ／ホカ
ニンゲン
ホウホウ
ジッサイ
ゲンザイ
カクニン
ヒョウカ
ナイヨウ
ゼッタイ
ユウジン
イッタイ
カイトウ
イッパン
サンコウ
ソンザイ
マチガイ
セッテイ
ソレゾレ
ケイタイ
カンガエ
タイオウ
ホンニン
ハンダン
ハハオヤ
コンカイ
コウドウ
セイシン
ヒョウジ
サクジョ
シンタイ
セイカク
セキニン
モクテキ
ソウゾウ
ネンレイ
コウカン
ナットク
メーカー
ヒトビト
イッポウ
メンドウ
ジンセイ
チチオヤ
ジンブツ
トウロク
ジジョウ
ニンシン
イチオウ
サイコウ
サキホド
ヘンコウ
ケンサク
トリヒキ
シュルイ
シアワセ
ホウコク
メイワク
ユウビン
ゼンタイ
カイケツ
ヒトコト
ゲンジツ
ゼンイン
センシュ
ロウジン
マンゾク
ケイヤク
キンガク
ハッケン
タショウ
オーケー
サギョウ
イメージ
ハンニン
フンイキ
カイガイ
ケショウ
ケンコウ
センタク
カツドウ
シュウイ
カンカク
チョウシ
ハンノウ
ハンバイ
サイテイ
ミズカラ
ショック
ツキアイ
ヨクジツ
エンジン
コウゲキ
コクミン
ホウコウ
センジツ
タントウ
ハントシ
システム
ハッセイ
イッサイ
ワカモノ
キョウフ
サービス
レンアイ
ホンライ
ムリョウ
リョウテ
ウイルス
ショウコ
センター
テイコウ
アドレス
コイビト
ドリョク
イキオイ
セイカク
ソモソモ
ヨノナカ
ミリョク
シンケン
カイテン
シーオー
グループ
イジョウ
ショップ
ロウドウ
チョウサ
キギョウ
ジギョウ
ケッテイ
ニンシキ
コウゾウ
ダンカイ
セイコウ
テンノウ
ゲンダイ
タイケン
ケイエイ
ゼンコク
サイダイ
キジュン
アンテイ
サクヒン
カイハツ
コウセイ
ケイサン
ハッテン
ヤクワリ
ショウヒ
カントク
テンカイ
タイサク
セイメイ
ケントウ
ポイント
ジツゲン
カンシン
シリョウ
セイサク
カンレン
トクテイ
シュダン
サクセイ
セイリツ
ケイコウ
シャイン
ダンジョ
チキュウ
シンライ
ケイセイ
キンダイ
ダンタイ
サイヨウ
ダイジン
ジッコウ
ミンゾク
セイゲン
ケイシキ
ブンセキ
ドクリツ
クウカン
メイレイ
セイネン
シンケイ
コクナイ
カイカク
ネンキン
ショクバ
サイバン
チリョウ
サイセイ
イッテイ
ヘイキン
コンナン
ショユウ
キョウシ
ツウシン
タイセイ
ハンザイ
ホショウ
カンサツ
イリョウ
タイヨウ
ハツゲン
ケンセツ
デントウ
テツヅキ
カイフク
シジョウ
コウカイ
カンコウ
タタカイ
カイゼン
バランス
イッシュ
カンセイ
キッカケ
シンヨウ
サツエイ
アツカイ
カンシャ
コウケン
フクスウ
ヤキュウ
シハライ
カンジャ
セックス
ハイケイ
カクメイ
コウハン
チョクゴ
ケツロン
ストレス
ブンショ
ホンモノ
セイヒン
ジッケン
メディア
サツジン
トラブル
カクダイ
スピード
シュトク
ガイネン
ウチュウ
タイショ
ゲンソク
クミアイ
ハッコウ
ケイサイ
デキゴト
ヨロコビ
メンバー
カタガタ
ソウゴウ
オンセン
スタート
クンレン
インサツ
コウフン
レンゾク
ショルイ
カイセツ
デザイン
シリアイ
ゼンテイ
カツヤク
コウクウ
ホウモン
カンドウ
ブッシツ
ブランド
シュウリ
カイホウ
センヨウ
チジョウ
スタイル
チャンス
ジンルイ
ジョウシ
レッシャ
ファイル
ユイイツ
カニュウ
カイイン
ホウドウ
トウショ
グウゼン
セツゾク
ユウセン
ヤクショ
ゲンテイ
ザイサン
テッテイ
コンラン
ギョウム
ショブン
ウンメイ
キジュツ
オオガタ
ゲンカイ
シンコウ
シンダン
ブンメイ
ジョウゲ
ゲイノウ
コウコク
テイアン
テキヨウ
カクリツ
ホウジン
ケイタイ
ハッタツ
カクテイ
ホウメン
メンキョ
バクハツ
ニクタイ
カブシキ
ナンバー
キョウカ
コウモク
サクセン
セイゾウ
コクハク
オモイデ
ジュケン
セイブツ
ゴウカク
ミンカン
エンジョ
サクネン
レイセイ
ヤリトリ
テツドウ
トウイツ
クチョウ
ケンチク
マスコミ
ゼンシン
クチビル
ホウシン
ニンズウ
シンジツ
テンカン
ヒダリテ
ミンシュ
タイトル
セイセキ
センキョ
シーエム
シュザイ
セイシツ
コウソク
ゼイキン
コンキョ
オオゴエ
ショウブ
ロンブン
ケイゾク
ハツバイ
シンセキ
カクシン
ナニゴト
コウカイ
エイゾウ
テイコク
センゲン
メンセツ
ジュウシ
アットウ
チョウキ
コキュウ
フウケイ
セットク
クリーム
タマシイ
シロウト
フクソウ
ジョウキ
レイゾウ
ホウカイ
ドクシャ
シンコウ
ホンシツ
カツヨウ
シュタイ
コウケイ
スタッフ
ビジュツ
ホウシキ
ハンセイ
コウレイ
ウチガワ
トラック
テツガク
パターン
シリーズ
オウエン
レンゴウ
チョサク
メニュー
アシモト
セイケン
ハタラキ
タイリツ
マイナス
ドウサン
セントウ
シンゾウ
ハッソウ
ショコク
カンソウ
コウリョ
トウジツ
シツナイ
クリック
ジッカン
サンセイ
ホショウ
シンセイ
カクトク
ガクモン
ピーシー
ケツエキ
イチイチ
カンソウ
ホンショ
コウシャ
ドライブ
ジョジョ
ジッセン
コメント
ソウゾウ
カンセン
ウンエイ
カンセン
ブンルイ
コウシン
ハイリョ
チツジョ
カンバン
セツリツ
ソクメン
ヨウイン
メリット
フッカツ
コンポン
ホンカク
カタワラ
カイグン
ドクシン
タッセイ
センデン
アクセス
コウリツ
ウタガイ
ショシン
エイヨウ
ゲンコウ
トシヨリ
シンゴウ
タイハン
ハンエイ
ショトク
タイカイ
ソウゾク
キョウカ
ケイカイ
ビジネス
イライラ
シンコク
イチメン
フキュウ
カンネン
カンペキ
ショゾク
サイアク
イッセイ
カイサイ
ショウリ
コウセイ
コウタイ
タイザイ
コウフク
コウシキ
ドウキョ
テノヒラ
タイリク
スペース
スイソク
ゼンハン
ジュシン
カンシン
インヨウ
ムジュン
キンユウ
モッタイ
タイセン
デジタル
ゲンキン
スイシン
キニュウ
チンモク
レイトウ
ソンガイ
ドウドウ
ハントウ
レイガイ
キョジン
コキョウ
ビンボウ
ガッカイ
タイケイ
グリーン
サイノウ
オドロキ
オフィス
ソンケイ
タメイキ
ゼンジツ
キンゾク
トウガイ
ザイセイ
イチゾク
ナガネン
ハンシン
ラーメン
キンニク
ゴウケイ
ジッシツ
カカワリ
コクリツ
セッケイ
カンテン
ガクシャ
カイスウ
ケツダン
リーダー
チョウリ
サイケン
セイノウ
ソウテイ
サイシン
ヤクニン
コーナー
セイトウ
カナシミ
ホンノウ
キッチン
ツウヨウ
ジッタイ
カタマリ
ゼンポウ
ジンコウ
ジンカク
カクリツ
ヨウシキ
サッカー
ノウミン
テンケイ
ゼンシャ
タイシツ
イッコウ
ホウソク
モチヌシ
ブンカツ
イチモク
ハクブツ
キンネン
イタズラ
ヒッシャ
カイセイ
テツダイ
スイミン
ニワトリ
リクグン
エイエン
ヨウセイ
モノゴト
コッカイ
ヨクネン
ソウシン
ホショウ
トウゴウ
トウヨウ
テンネン
カタホウ
センタン
チョキン
イベント
ホワイト
イキモノ
ソウホウ
トシウエ
フウゾク
カイジョ
ガイトウ
ガッペイ
ヒョウキ
ヤクイン
カクシュ
ヘンカン
サムライ
ダイキン
ゼイタク
オーエス
コウテイ
マドグチ
タイメン
キンセン
ドウトク
メンセキ
カミノケ
ジョシュ
ショテン
トウケイ
ナイカク
ソウコウ
タンテイ
ジンシュ
スイッチ
ワガママ
ソファー
オープン
ソウタイ
メモリー
ゼンメン
イツゴロ
コウチク
ハンシャ
ウンヨウ
ミギガワ
ハイタツ
コソダテ
サンカク
ブンケン
ハツメイ
ヤッカイ
ハンロン
カップル
セイサク
ボシュウ
バイバイ
ケッシン
ハンパツ
アレコレ
スイテイ
イイワケ
ハクジン
ボディー
ビンカン
ボックス
キャンプ
コンビニ
アラソイ
ジュース
タイコウ
ケンポウ
ゼツボウ
ノウソン
ヒッコシ
テチョウ
タイオン
ケッサイ
ギョウジ
ジュウジ
カッコク
ヨクボウ
ネンダイ
ケントウ
シンユウ
ケンカイ
チョシャ
スクール
スタンド
オシャレ
ソクシン
セイフク
モクゲキ
デンセツ
ヒトクチ
ハイジョ
シャベリ
チュウコ
カオイロ
オウフク
ススメル
セイブン
ランボウ
カジョウ
カンゲイ
マスター
ガイケン
グンタイ
コウサク
イスラム
チュウト
テガカリ
セイジン
セントウ
トウザイ
カンタイ
ブギョウ
スイブン
ビニール
ゼンカイ
ケツゴウ
オオカミ
カイセツ
マイカイ
ジンミン
センゼン
ヘンサイ
トウタツ
プロセス
シュホウ
エキマエ
ジョユウ
オレンジ
ショミン
ケーブル
カブヌシ
ガイコウ
サイボウ
エイセイ
イチドウ
チェーン
ヨクアサ
ユーザー
ケイコク
ダイコン
ホンタイ
ニンテイ
キョウギ
フトコロ
ゲンエキ
ヘンドウ
コウエン
デンゲン
シキュウ
セッキン
カイドウ
コウサイ
シンゾク
シチョウ
ヨウジン
ドウヨウ
シンシツ
ブンレツ
ソトガワ
ツウキン
コウソウ
エンソウ
コクジン
ソクテイ
ケンガク
ウンヌン
ショザイ
ツナガリ
セイカイ
カイゾウ
イッカン
ヘンセイ
フリョウ
コウガク
ヒツゼン
キョウワ
ヨクセイ
フロント
ジンザイ
ブラック
シーズン
セイサク
カイホウ
アルバム
キュウヨ
ボウエイ
サクシャ
シュッセ
ジュヨウ
イショウ
キュウフ
ロクオン
パチンコ
ヒョウシ
セイケイ
サツガイ
コウヘイ
ショッキ
テジュン
インタイ
マナザシ
タレント
ペーパー
オンセイ
ユウドウ
ヘントウ
トッキョ
ハンメイ
チカゴロ
シンテン
イチレン
コトガラ
セイケツ
クショウ
シンサツ
ケッテン
コンヤク
ナニモノ
ブロック
ジョウイ
ツウホウ
キュウカ
ハイセン
ワルクチ
シントウ
キャリア
ステップ
モウソウ
ナイシン
ドウメイ
ホウシャ
オウゴン
トンネル
ゼンパン
センシン
ネンマツ
コウジョ
チンギン
ウッカリ
シンセイ
プライド
シッピツ
ホンジツ
モニター
サポート
ハンケツ
テッポウ
マンイチ
カイタク
テンケン
アリサマ
チケット
ツトメル
ソショウ
コクフク
ブレーキ
シュダイ
カオツキ
ウリアゲ
アイジン
カイテキ
サッカク
コウヨウ
カッセイ
ハンテイ
サイガイ
コウホウ
ユビサキ
タイイク
クレーム
ゼンシン
カイケイ
ザイニチ
レンタル
ハンドル
ディスク
ワールド
ショホウ
トウソウ
セイジツ
レンサイ
スイヘイ
ツウコウ
カイタイ
コクドウ
ソウシキ
バクダン
カイサン
コウサツ
シガラミ
シショウ
キリョク
ステージ
レンポウ
ハイイロ
ヤクシャ
ニッスウ
ホウダイ
グンジン
ハンコウ
ツウヤク
ガンネン
セツヤク
シュヤク
ブンカイ
シンジャ
カンセツ
クルシミ
デビュー
ゲンドウ
ナンボク
セイゾン
コトワル
シンチク
ジッセキ
テキオウ
ドクセン
アヤマリ
ハッソウ
ショート
ベランダ
ココロミ
カイメイ
カンコウ
ジュシン
フクゲン
ホンブン
コウテイ
タイクツ
センコウ
ハイグウ
イチダン
ヨウケン
ヒョウシ
デンタツ
シッコウ
タダイマ
ドウイン
ニチベイ
コクオウ
テヅクリ
カイセン
トシシタ
オウコク
キツエン
ケンゲン
サイコン
コウリツ
ガクエン
ショメイ
ウラナイ
スイメン
ビショウ
キョテン
トクセイ
ハイユウ
レディー
メジャー
ライター
ゲンバク
ソウドウ
ミンエイ
シャザイ
ソウシツ
アコガレ
トウコウ
ジョオウ
ロウニン
ヒトガラ
ジョウキ
ドウネン
ナニモノ
レンソウ
スンゼン
アッパク
クジョウ
チクセキ
アピール
ボウトウ
カイカン
ジュウジ
セイヤク
ドウコウ
ブッケン
ガクレキ
シャナイ
ジーンズ
オウヨウ
ドウコウ
ホンシャ
コヅカイ
スイセン
カイヤク
シンネン
ガンボウ
シュウキ
シキュウ
アツマリ
キョウギ
セイテイ
サイケン
ダンゲン
ウケトリ
シュニン
ショダイ
ホキュウ
トウセイ
ヒンシツ
カミナリ
テンサイ
ナイメン
コウウン
ウラガワ
ヘイタイ
トウニン
ゾウダイ
トウサン
ジツヨウ
イマゴロ
シュサイ
ジュンイ
ベイグン
ボウダイ
ベッソウ
ゲンコウ
サイカイ
ショモツ
イッサク
シショウ
シンソウ
スポット
カンカク
シャナイ
シャメン
サークル
トドケル
ゼンネン
ホンシン
アシオト
イジュウ
ラクテン
ソウカイ
ボウケン
シンサイ
テンナイ
テイネン
センポウ
セイギョ
オヤユビ
キョゼツ
ゲンサク
ケイレキ
ケンテイ
フルマイ
ゲンセン
シンジン
スイソウ
プリント
テイセイ
ハッシン
コクサン
コウハイ
ロウソク
マッサキ
ハンエイ
スイコウ
トウナン
ケッセイ
ソウセツ
コウカイ
セイベツ
ショウカ
テンゴク
イクセイ
サイバイ
シリョク
イチラン
サブロウ
オシッコ
ムラサキ
ネッタイ
シンシン
ダイオウ
パニック
ハイラン
カイトウ
ホウガク
ホウセキ
ゼンケイ
ボーナス
カズカズ
ジンケン
シティー
ケイトウ
テイシュ
ニンジン
ヨウシャ
テンスウ
イッカク
エキタイ
ジャンル
センゴク
センザイ
オノオノ
ヨミウリ
ハンメン
グランド
フリコミ
コウソク
マチナカ
ブンタン
リビング
サクゲン
アンテナ
セッシュ
ソウオウ
カンパン
エクセル
カイケン
ダキョウ
イッタイ
エリート
カッセン
ハクシュ
ドウゼン
フッコウ
マボロシ
カンセツ
ゲンソウ
ヨウボウ
オーナー
ツイホウ
サイゲン
ジョゲン
チンタイ
トシゴロ
ブンパイ
ワクグミ
ハンコウ
チョウワ
カラオケ
エイセイ
ジュモク
ソウグウ
ゴウセイ
カンセイ
バントウ
クチモト
シンドウ
チョショ
ライバル
シンガク
カイスイ
テイシャ
カガヤキ
ワリビキ
ヘイボン
シンセイ
エアコン
オウダン
ライオン
ガクネン
オオムネ
アンサツ
ロンソウ
トウセン
ガクイン
ニセモノ
キンペン
ザンコク
ダンテイ
ドウセイ
ロジョウ
ハジマリ
タイナイ
コウスイ
インキョ
シンリン
ソウサク
ジッタイ
キンギョ
ソンゾク
イリョク
ユウウツ
ズジョウ
イッキョ
セツダン
ドクター
シキサイ
シンボウ
ミトオシ
ヘイジツ
ジョウト
ヘンケン
カイソウ
シンコン
ソウサク
イッコク
ショクム
サーバー
ダイメイ
ショジョ
ケイレツ
シルバー
カンユウ
アラワレ
テンボウ
メイモク
ショウニ
ショウジ
トジョウ
キンリン
ニシガワ
カキコミ
エンゼツ
ツイセキ
ジョウブ
サンパイ
ヘンシン
ケイシャ
クラヤミ
ヒトスジ
トシツキ
ドクショ
ケイダイ
ハンスウ
ベテラン
ホルモン
トリクミ
カクトウ
イチイン
レンケイ
センシャ
ライニチ
イマドキ
シングル
タクハイ
ケンメイ
ソウリョ
ノチノチ
カタログ
ジョウカ
リョウド
ボウギョ
エイユウ
ケイベツ
ヘンカク
ジョウジ
チュウキ
ナイガイ
セイショ
ヘンケイ
エツラン
リョウシ
ゼンガク
オウセツ
イイブン
ミョウジ
ホウコウ
ゲイニン
ショクン
シュドウ
テンキン
フキョウ
イチガイ
ナリユキ
タイコク
カタスミ
ニッコウ
ウエスト
セイセイ
ヘンカン
ネンパイ
ユウレイ
コウセイ
シュジュ
カイボウ
オロソカ
センメン
ストーン
ケッカン
ユウセイ
フクゴウ
セイトウ
センネン
ハイブン
コンザツ
タマネギ
ミスター
テイオウ
ハッシャ
コキャク
カイラク
ボニュウ
トッケン
ジェット
サイカイ
ブンメン
タイケツ
オーエル
イッカツ
サイクル
ガイライ
ショボウ
カイブツ
コウガク
コダワリ
モクゾウ
トリケシ
ユウワク
オッパイ
コクセキ
ユウゲン
ゼンメン
サイキン
カミガミ
コンワク
マイクロ
ショセキ
テイエン
ケッカク
セイゼン
ドウクツ
ヒトサシ
ブショウ
シヒョウ
シンノウ
ソウガク
クニグニ
ユウカイ
カイサツ
ショカン
オチツキ
ショトウ
サイソク
ブンゲイ
カンゲキ
コウオン
ヒトイキ
ジングウ
オオカタ
クロース
イクブン
ユウゴウ
カクセイ
イッセン
ガイジン
ケンサツ
オウトウ
レンタイ
ビタミン
コウケイ
イザカヤ
ヒトマエ
フンソウ
シュウシ
ミナオシ
ソウキン
クウソウ
タンニン
ホッソク
テンコウ
ツウイン
タイソウ
カセット
コウタイ
ロシュツ
キンイロ
シャコウ
ブンサン
ケイゲン
アイドル
メンジョ
カミガタ
タンパク
メンカイ
シシュツ
ジツザイ
シンシャ
タイセイ
ポスター
ズヒョウ
シュカン
ニンメイ
シンピン
タイケイ
リンカク
シンダイ
タイガイ
フトモモ
チチュウ
カイヌシ
バクダイ
ダメージ
ボウソウ
コウカン
アシドリ
イッタン
テンモン
タイキン
レットウ
スケール
ナイゾウ
オオモノ
ゲイシャ
カイゴウ
ホウフク
カンゲン
アイヨウ
リンジン
ハッカク
エイブン
センカン
コンテイ
ネントウ
リンセツ
スナック
ミンポウ
イッペン
ソウオン
ヨウイク
エンガン
ケンスウ
センザイ
サンプル
ジャンプ
ミサイル
アジツケ
ハンドウ
カタヅケ
アンダー
クーラー
トウホウ
セイタイ
タイグウ
シャダン
ネンスウ
トウシュ
オニギリ
カクシン
ショトウ
レンジツ
テッタイ
ゲンテン
シンミツ
ハイボク
ハンニチ
トウライ
コンゴウ
コウジツ
ヒトジチ
ケンゾウ
ムラビト
コウゴウ
ソウサイ
サイゲツ
ケツアツ
ジンモン
ベツジン
リゾート
ヨウセイ
アオムケ
ヤクヒン
ストップ
トウサイ
ウンソウ
ナガイキ
ダイダイ
ドウセイ
キンコウ
ジュンサ
カミガタ
インカン
ユウソウ
カイメン
ハタモト
テントウ
ホッポウ
ナカニワ
セイヨク
ケンシン
オウライ
キャッチ
インター
オオクラ
ヒットウ
カンムリ
シンボル
チョチク
シッカン
カオダチ
ヨクアツ
ゲジュン
スタジオ
ドウカン
テキゴウ
セイミツ
サンボウ
ロボット
コクハツ
ナイショ
シンコウ
イッカン
ゴウホウ
ローカル
ツマサキ
コトワザ
セイネン
グンカン
コウゲン
シャタイ
ケイレン
アシアト
ケイコウ
フォロー
クウハク
シンパン
オヤブン
カットウ
ヒンコン
カイゾク
トウボウ
ニッテイ
マチアイ
サカミチ
ゴウトウ
タビビト
コウシツ
シュッピ
キタガワ
シンガイ
ハッサン
バンネン
ナットウ
ヒキガネ
カンヅメ
ヒトカゲ
ヤマミチ
ナキゴエ
デタラメ
カタガキ
キャップ
センスイ
ショウサ
クンシュ
モウシデ
コウフク
アップル
ナンポウ
キズグチ
ツカノマ
オモワク
ヘンシン
エンポウ
ジンイン
ハナヨメ
シンソコ
ソウリツ
スイタイ
ショニチ
カンケツ
クウフク
ユイゴン
テンラク
イショク
コウシャ
ガイヨウ
ハイトウ
ケツマツ
ヘイコウ
オモカゲ
キョウイ
トランク
バッキン
モクゼン
リストラ
イキサキ
ハンラン
フクヨウ
アクシュ
シンタク
セッタイ
オウタイ
ザイアク
コンイン
コウセイ
ホンバン
ジョキョ
マチナミ
ラクサツ
フットウ
ユウエン
コッケイ
プレート
ボウメイ
キョヨウ
ナカヨシ
アンゴウ
シャゲキ
エンカイ
シツボウ
イチリツ
タテマエ
イッシン
サッコン
ダンペン
ダイヨウ
ボウガイ
ヨウソウ
キンセイ
タンマツ
シキベツ
オフクロ
メイモン
コウホウ
バクマツ
エンケイ
ムキダシ
ゴールド
ラッキー
コンゲン
ユウグレ
ドラゴン
セイフク
アダルト
ホウソウ
ホウエイ
カワギシ
シンペン
タイカク
ヨウカイ
サンブツ
ウォッチ
セキタン
ニクシミ
コウヨウ
シュッシ
エムピー
オリーブ
バクゲキ
ジョウド
ゴウドウ
ヤマヤマ
キントウ
ジョガイ
ヒヒョウ
フチャク
シュウギ
コクモツ
イラスト
イッペン
シャリン
スプレー
ジンタイ
シュウギ
ヘイコウ
ソウスウ
ハツデン
メイジン
メイメイ
アナログ
セッテン
センコウ
レンケツ
モクセイ
テイケイ
ドクサイ
マジック
シンロウ
スイサツ
ネンネン
コッセツ
ミチバタ
リュウイ
ユウノウ
ハンシュ
テンプラ
カイダン
マフラー
ショケイ
クチベニ
カクシン
ニンニク
ヤマブシ
フショウ
ヒトゴト
モチモノ
ドウニン
クッキー
ツウガク
ヘンタイ
メイサイ
ケンミン
モンドウ
イゴコチ
ギョウシ
フジョウ
ウンチン
タイガン
ニッケイ
センサイ
アシクビ
メイブツ
ゴミバコ
オヤカタ
オンヨウ
ヨウヤク
テットリ
コウヨウ
トコトン
コウセキ
ガッタイ
シュンジ
ダンネン
ベッキョ
ブラウス
クビスジ
ホウゲン
ヒロガリ
シロクロ
モロモロ
アヤマチ
ミツモリ
シチュー
ホンゴク
テイケツ
ホウテイ
シチョウ
アイコン
エイコウ
ゼンセン
レンメイ
メツボウ
ハックツ
チュウイ
シタシミ
ナガモチ
オーダー
ダイヤル
アレンジ
アクセル
ダイコウ
ベンジョ
カンテイ
ハンツキ
ピストル
ショウジ
ケイヨウ
カンベン
カラッポ
タンケン
ハンベツ
ナキゴエ
ニンタイ
ホニュウ
カンガイ
ドリンク
キャベツ
ケンザイ
ワカシュ
ヒリョウ
テッペン
テイタイ
ハンゲキ
ユニット
バイタイ
ケッサン
シャサイ
メイガラ
コショウ
ジュヨウ
トドケデ
ショサイ
レキダイ
アイコク
バケモノ
コウザン
ツウコク
コウニン
ハンテン
オモムキ
ショウゴ
イノシシ
ドウテイ
テントウ
ダッソウ
キュウリ
シリョウ
アオイロ
カンパイ
カンパク
シナリオ
ゲンブン
センレン
グンゼイ
キンエン
コウソウ
ミウゴキ
ホジュウ
カンタン
カイフウ
ナンセイ
コウズイ
シキュウ
ドジョウ
ホステス
ハッシン
ノリカエ
テンバイ
コショウ
コウダン
ホウサク
ケッセン
トクシツ
トウロン
カンカツ
カイカン
タダナカ
ゼッコウ
パトカー
キンコウ
ゾウセツ
テイトク
ユウコウ
ハンニチ
ナンミン
ホウケン
ホウテイ
ソンシツ
ゴウモン
トータル
シタマチ
ラッシュ
ショヨウ
コウイキ
ヨウケン
シャケン
セイソウ
コンドウ
ヒャッカ
トウケツ
ゴウマン
カンケツ
ギャップ
アキラメ
ダイタイ
ミチスジ
ウラギリ
サットウ
カンサン
ゼンソク
ソウゲン
デジカメ
ヒトアシ
セイトウ
フンシツ
コクボウ
ココロエ
コウシン
コウアン
カイセキ
スミズミ
ウンコウ
ギョセン
ハナビラ
タイボク
ナイゾウ
シュノウ
コンセキ
アカツキ
ゲキダン
テイゲン
エーブイ
ハイセツ
カイソウ
ハンガク
イロドリ
カンセイ
ブンベツ
ヤキニク
ヤクブツ
ウッタエ
コウトウ
ユウグウ
ショバツ
ドラッグ
ヘンボウ
カタハシ
ヒキョウ
シュウト
メーター
サンテイ
シュウチ
ガイカン
サクモツ
サクテイ
ゼツメツ
コウエン
フォーム
アイシー
フルサト
ギンイロ
センコウ
ザイゲン
アイヅチ
ヒッテキ
アオゾラ
ツウカン
ウソツキ
ソクバク
テダスケ
ロウジョ
ケイセキ
パウダー
ミネラル
エーエム
ショウギ
コウガイ
ムリョク
ウンパン
タンシン
ニュウシ
メイショ
ホウガク
アンモク
イッシツ
センレイ
シタハラ
ギチョウ
ダンラク
エンガワ
ノミカイ
ホウレイ
ファイブ
セイケイ
カキュウ
カイメツ
カンソク
キリカエ
ダンアツ
シュツド
キョウリ
ベツモノ
ニクシン
シッソウ
オオハシ
ホンセン
ヨコガオ
ハイゾク
トリツケ
タイシャ
オショウ
ソウメイ
リョウメ
イラダチ
トリック
ビョウブ
ユウコク
ブッピン
ハンカン
ヘイオン
スンポウ
アイピー
コウダン
シンルイ
シンセツ
マラソン
ツウハン
ザイタク
クロネコ
レッスン
キョクド
タンサク
カイテン
イシダン
ホンドウ
セミナー
ダンガン
モクザイ
キマグレ
カンゾウ
レーザー
センコウ
フチョウ
コウエキ
シャシュ
ジショウ
シロモノ
イッテン
タテヨコ
オナニー
トクメイ
シキョク
ダツモウ
ガンゼン
テンソウ
フヒョウ
チェンジ
ボットウ
ジショウ
グンダン
ゴクラク
ゲンケイ
ハイスイ
エッセー
デンゴン
ブラウザ
ベツメイ
ハナタバ
カケゴエ
コウセン
ナイソウ
ケッカン
シュクン
イショウ
マガジン
テンテキ
カリイレ
ヨウボウ
ハチミツ
ヘイヨウ
サイダン
タチアイ
メンボク
マンイン
メンエキ
スピーチ
コッカク
ザイライ
イキガイ
シンコウ
テイバン
オンケイ
アンコク
カクシャ
トウホウ
ヨクシツ
ヨウニン
キョウド
サキザキ
イロアイ
イチゲキ
ホンガン
サンカン
ユウエツ
ミギウデ
タンショ
トクテン
ハンプク
ホッタン
テキタイ
トウシュ
パジャマ
ダイナシ
カンスウ
センセン
ゴキブリ
シジュウ
クチグセ
ソッキン
スウハイ
リッポウ
リョウジ
ツケモノ
シュウハ
カイドク
タンサン
シンジュ
テキハツ
キショウ
カッター
ケツジョ
ギョウギ
カクジン
ホンキョ
ユウエキ
マバタキ
ノウヤク
ショウミ
ツキヅキ
モーター
カウント
ワザワイ
ケツエン
ユウジョ
コンポウ
バンパク
ジツブツ
タカダイ
ノウコウ
ルーター
ドウソウ
タリョウ
ユウズウ
ジッセン
ミックス
ストック
ナイリク
ブッタイ
ザイセキ
ヤクザイ
コウタク
トウコウ
コウモン
ゲキゲン
フレーム
ブリョク
ナンカイ
サンガク
テンメツ
シュッケ
ギョーザ
ツイラク
セールス
ソウカン
ヒキカエ
ドキョウ
ブジョク
ケンリツ
レンパツ
デザート
ミッシツ
カイテイ
バイカイ
ジョウカ
カイトウ
センコク
ノコギリ
インボウ
フレーズ
トウバン
コウブツ
コギッテ
ネンブツ
タイガイ
ヘンピン
セイジン
セイサイ
タツジン
ホウケイ
ショクゴ
カンコク
カチュウ
センダイ
カイツウ
スイート
チョウミ
コウネン
ヘンサン
シャープ
ヤスラギ
ムショウ
ソウトク
テイオン
ケイエン
セッパク
ナイカイ
ジュセイ
コウネツ
ゲンソン
ジンシン
タイガー
サイゼン
ショウシ
クロカミ
ケイホウ
コウテイ
レイハイ
イトグチ
カクテル
フクセイ
ムジャキ
ドクダン
ダンケツ
シンデン
イナズマ
ロイヤル
ニッシン
ワクセイ
ホクセイ
エスエフ
ホンテン
ショメン
タケノコ
ノウゼイ
ザイモク
ハヤクチ
ハミガキ
クスノキ
サンドウ
サンソウ
ホンダイ
デンエン
キョショ
タンコウ
ザイダン
メイダイ
ミギウエ
アケガタ
トクレイ
マイナー
イチダン
ヒトゴミ
ユウカン
キュウシ
ゼンコウ
テヌグイ
カングン
カリュウ
シュエン
セッカイ
ホシュウ
テオクレ
レンタイ
ジツレイ
ラッカン
ヘンヨウ
デンドウ
キョウキ
ヒトコエ
イエロー
ガンメン
サンセン
メジルシ
セイサン
スイデン
カンジュ
ベンカイ
コウソウ
タンペン
ビートル
シントウ
マイスウ
ホウタイ
ショイン
チューブ
ハンレイ
リハビリ
ソッケツ
ソウカツ
ライダー
プリンス
イチモン
バスター
タメライ
アイテム
センテイ
ダイザイ
バンザイ
ゲッカン
オクガイ
ゼンイキ
コウゾク
ショウガ
ドウセキ
ビジョン
ザッソウ
ライホウ
ヘンスウ
ヨウテン
スナハマ
エシャク
ゾウセン
サシダシ
テイボウ
テンシュ
ニョニン
ヤジルシ
キンパツ
セカンド
タイジン
フウセン
ナカゴロ
リュウシ
ウケオイ
コウモリ
ショット
スライド
ミミモト
セーラー
ゲツガク
ゼンメツ
ジュリツ
ジュモン
サイミン
ジチョウ
カベガミ
テイケイ
シンブツ
シジョウ
キョウド
イエガラ
セッカイ
フルホン
ノウハウ
ゴウゾク
セクハラ
キンロウ
アクトク
マッサオ
ジンメイ
サイシュ
トースト
サンナン
ヘイホウ
クローズ
シンコウ
カケヒキ
セイカイ
アリバイ
ソウカン
ヘンセン
センドウ
シメキリ
ミノウエ
サンレツ
スイサン
ヒョウギ
クシャミ
マッタン
トウナン
モノオト
エンセイ
タイホウ
イタダキ
ジキュウ
チュウサ
イチゲン
シャクヤ
アトガキ
フショウ
ホウカツ
タイトウ
カイワイ
ゾウキン
タンダイ
ドウホウ
キヅカイ
タイイン
ハツドウ
シャクド
ヒツジュ
シンデン
フクロウ
ハンゲン
キンシン
ケッサク
ゼンセイ
ソウメン
サイタン
シシュウ
マンゲツ
ルイケイ
シャセン
ジーパン
ジュコウ
ヘイテン
コウゲイ
コミック
レンコウ
イトナミ
トイカケ
コクガイ
マンセイ
ヒルスギ
バイヨウ
ハヤオキ
コウアン
トクサク
スカウト
コウナイ
ブリッジ
センバツ
リッタイ
プロレス
エンゲキ
ファイア
ガレージ
カケガエ
センパツ
ドウサツ
カッソウ
メンシキ
レンドウ
マエガミ
アイロン
コウコウ
ハライタ
セッシュ
ボッパツ
テンキョ
フルーツ
カギョウ
エンカク
ヒジュウ
レイセン
ヒンシュ
キズアト
ハンケイ
アタック
メイセイ
シャセイ
エントツ
ロンテン
ニンジャ
ビョウシ
オールド
インシュ
コウミン
ビーエス
ミンゾク
メイソウ
シツレン
ボウコウ
ショシキ
ブツダン
ヒガエリ
ジョウイ
ゾクセイ
ゲンガク
アイコウ
シンガタ
リモコン
ヘイセイ
ヘイタン
ヨウコウ
コウデン
ナグサメ
ジョセイ
カシツケ
トコノマ
タイシャ
リョウチ
オウジョ
ナイテイ
ブレーク
センタイ
センドウ
ヨビカケ
ウラグチ
カタガワ
ハイセン
デコボコ
テンコウ
カイテイ
テイガク
ドクガク
ヘンシツ
ラクタン
リュック
サンサク
ウメボシ
ツウタツ
カンテイ
ケットウ
モンゼン
ハイレツ
ゼイセイ
デンセン
レイネン
オクソコ
コウハイ
ヘイガイ
ユーモア
ガッテン
ハッコウ
ヘイメン
イレズミ
オーブン
オービー
フレアイ
ゼンベイ
シシュン
ロウバイ
ショテイ
ヒトバン
コウトウ
セイコウ
ケッセキ
デンジュ
カクサン
ムショウ
マエマエ
セップク
アンセイ
ジンエイ
ヤスモノ
キョウジ
センサク
アジワイ
バッスイ
シュウハ
マンテン
テイタク
ミギシタ
ムナモト
キンモツ
ヌクモリ
シンネン
シャタク
キクバリ
ドンカン
クイーン
シュケン
テイケイ
テゴタエ
アッセン
ケツラク
クチグチ
チカヂカ
クウドウ
ハイキョ
マドギワ
テイイン
ヤリクリ
トウソウ
ベージュ
ヒーター
グレード
ネガエリ
フッキン
ハッポウ
ドクソウ
トクヤク
フウボウ
ザツダン
チヒョウ
ゲンテン
アルカリ
エンブン
ケンペイ
センパク
ウイーク
ジュニア
イシガキ
センコク
インチキ
サンラン
シジョウ
フウイン
キンイツ
ユウヨウ
ミカエリ
ソンゲン
スイオン
ホウダン
タイセン
カイセン
エフエム
ガイカイ
ロッカー
タイニチ
テンビン
リッポウ
ケイモウ
コウエイ
カンヨウ
デンシン
ドウシン
バンゼン
ギョライ
ロウドク
クギョウ
セイネン
ヘキメン
タイマツ
サンソン
ゾッコウ
シャメイ
ウタゴエ
ヒトタビ
ソウサイ
マンエン
ヒーロー
ヤンキー
アクトウ
タイグン
セイタイ
フクラミ
サイハツ
モウモク
ワショク
ガクセツ
ミセサキ
モチコミ
ハイシン
ワンガン
トウワク
サッスル
フロシキ
サウンド
ハンラン
カイヨウ
モンテイ
モクロク
ゲンブツ
ショクヒ
キョウチ
トクテン
セイドウ
セイゴウ
タイダン
ジョレツ
オモモチ
イッシン
ランナー
キチョウ
サイサン
コウカン
ゼンシン
トッシン
シンソツ
サンロク
フリカエ
ミオボエ
ジキュウ
シュコウ
テンザイ
ミノシロ
トマドイ
シャサツ
ショゾウ
ギリョウ
ドメイン
シッカク
シュート
ホクトウ
サンカク
ザツオン
ツキモノ
コンガン
ナンバン
エプロン
フィット
ジンケン
ヒンケツ
レッキョ
バッサイ
スペック
アクニン
フンガイ
エンゲイ
スキャン
オオキミ
コンゴウ
スイロン
ゲンロン
コウエン
ダンヤク
コウセイ
モノサシ
クッセツ
ケンイン
シキョウ
シュウチ
コウノウ
ホドホド
サーカス
タカヤマ
サイゲン
オオアメ
サイナン
シッシン
カイウン
アサユウ
ゲンカク
シュウシ
ニナイテ
カミソリ
ドウハン
ブンダン
キタグニ
ケッソク
フェリー
サイヘン
キンパク
クンリン
ゲンドウ
セイレキ
ノウリツ
ヨクソウ
キリョウ
コチョウ
タイカン
コウシャ
クミタテ
ミガワリ
アンタイ
センケツ
フンマツ
ロケット
ケイカン
ミギカタ
セイソク
ケンドウ
キョウイ
マンヨウ
キショウ
ガーデン
ユウハツ
シュッカ
アイボウ
カクゲン
アフター
イコール
イエイエ
ノリクミ
ザイガク
シキタリ
イエモト
イツワリ
ジョウム
ザンゾン
スチール
ゲンパツ
モビール
ケイスウ
サカサマ
コンダン
セイヤク
ブンピツ
ゾウフク
イロジロ
ユイショ
ゼンセイ
ケンコク
カンキン
サカナヤ
チョゾウ
ナカユビ
ホウロウ
タンノウ
ハナミズ
マッサツ
ジャアク
コマンド
ソッコク
スリップ
センベツ
ハッシャ
コウボウ
ケイハツ
タイコウ
オクユキ
インネン
ハリガネ
ブイエス
センキョ
クチダシ
ミギアシ
ブンシン
チンボツ
ムショク
カワゾイ
ゲッコウ
ゲキトツ
ドウタイ
ハンター
グローブ
ショカイ
キリクチ
テイサツ
トウヨウ
ザイシツ
クラガリ
ウエート
スイハン
ラクヨウ
リツアン
カイイキ
シンゲン
トランス
ダンゼツ
ケイバツ
ミズイロ
シンキョ
テッカイ
ウラヅケ
コロッケ
イレカエ
デンセン
トラウマ
バンノウ
センガン
コウメイ
オリモノ
スイギン
チュウヤ
セントウ
コウハク
レイコク
ドウショ
サンバシ
アカイロ
ナンモン
ジュクチ
テントウ
メイサク
ドウシャ
グンコク
モチーフ
ショグウ
ジショク
サンリン
スポンジ
ウワノセ
ドウルイ
オキザリ
ボウスイ
オオガラ
フォーン
コウバイ
ヨウサイ
ウデマエ
ヒアタリ
ジョーク
ダッタイ
ドロップ
トウゾク
ヒサビサ
ガクメン
キョウキ
ゲキツウ
クチブリ
ネンガン
ミナライ
カボチャ
コウテイ
フレンチ
ディープ
ユウセン
チンレツ
ヒンパツ
セイツウ
ヨウイン
オックウ
シャガイ
ヒンモク
アテサキ
デンアツ
ボウエン
モンヨウ
テンテン
ハクガイ
ハクシャ
オクナイ
タイセイ
セイテツ
ブンタイ
ホイール
ヤリガイ
ゴウレイ
ヘイソク
ジュウイ
ジュタク
テッパン
パケット
サイレン
ソンラク
インテリ
ノウサン
トウイン
センイン
バッター
コウテイ
ナンカイ
スライス
レジャー
テイトウ
リョカク
インペイ
ガラガラ
カンブン
アキナイ
ゲキレイ
ベクトル
イチブツ
タイガク
ツブヤキ
ゲンコク
タイベツ
ハッポウ
ナプキン
メザマシ
ジンリキ
セイメイ
クチバシ
テサグリ
シチュウ
シュツジ
ローラー
コウニン
コットウ
シューズ
ジャンク
ダイカン
ホキョウ
コウサク
ジンツウ
マエオキ
ナニビト
ドウフウ
ピーエム
バジョウ
サンケイ
コウゾク
カンノウ
カタアシ
トッパツ
ドウジツ
チャート
キャット
チャノマ
カイトリ
マンビキ
ダンドリ
ドウラク
ネアガリ
ボウレイ
シュサイ
ウケイレ
バッソク
テイサイ
チャット
オクソク
ホンジン
イネムリ
トウエイ
ソウナン
センゾク
メイシン
カンゴク
カンセン
セイサン
ボウクウ
ケンセイ
タンソク
アシガル
ソウカン
コウソツ
マツタケ
ホンエイ
ダッセン
チカミチ
コウセイ
トウホク
ラウンド
コクサイ
サラキン
ヒキアゲ
ジャンボ
カタミチ
ドーナツ
ロウサイ
サカイメ
ナメクジ
シンソウ
ガイトウ
マドンナ
ゴタゴタ
ガイヘキ
ダイブツ
ミオクリ
カゲグチ
アラタメ
センプク
コウコウ
カラクリ
オウジャ
パレード
カンキン
バッテキ
ワキバラ
コウサク
インナイ
トウハツ
ゼンカイ
イツダツ
ジョウム
ギンナン
ホンソウ
ボウサイ
センパン
イリョウ
ヒトヅマ
リターン
ジャグチ
オトロエ
ゲンセツ
メンメン
ベンメイ
キョウソ
ケイカイ
トクソク
アカルミ
シージー
イニュウ
ガクゲイ
カタウデ
クサムラ
カマボコ
イッセイ
マッコウ
モノオキ
コウドク
キシュウ
シンニン
ナガソデ
タビサキ
ハチマン
セイホウ
ホウガン
コンザイ
スケート
マエアシ
オオグチ
ニンソウ
チッソク
ボウハン
フラット
フレンド
ホンロウ
バライロ
ニワサキ
ウーロン
ディナー
ハンソデ
ゼンレイ
ゲツマツ
ザイカイ
リュウホ
イシュク
ケイコク
ガンタン
ハクサイ
ドンゾコ
イチイン
ベッシツ
ソロバン
ハイエン
ヤキトリ
ウグイス
コキザミ
コウベン
シンサク
センサー
シュゾク
リョウケ
ウリモノ
テンシュ
ブンベン
テッパイ
シキキン
ジビョウ
タイキョ
チョウカ
ボウドウ
ニョライ
ケイソク
ヨミカキ
シッソウ
ニンソク
シンショ
ソックス
ミチヅレ
フキョウ
ジョロウ
イデタチ
コクユウ
コウバイ
イチベツ
ヒャッカ
ジンドウ
タマモノ
テッキョ
オンシツ
センプウ
キチガイ
ニュウジ
トウミン
ニチボツ
コバルト
ダンサー
コウエキ
ソウタイ
シャドウ
トウショ
フェース
ヘルパー
プラズマ
ホンスウ
ハリガミ
コウユウ
オウコウ
ヨビダシ
トウシャ
トツゲキ
ケイホウ
ヒノマル
ナワバリ
メカクシ
ケイニク
ヨウツウ
アトピー
ゾウケイ
キンシン
ボツラク
スタンス
セイアツ
ショタイ
コウトウ
ショカツ
ショウイ
ジョブン
ブツゾウ
チンチン
シタウケ
セイエキ
サンセイ
ゾウゲン
オリアイ
カプセル
サイライ
テイデン
キョウギ
ヘンソウ
リンゴク
アトリエ
ヘンジン
センタイ
ネンパイ
キワマリ
ジッケン
カンメイ
スロット
スイセイ
チョウシ
スケッチ
クイモノ
リンカイ
デカセギ
サクシュ
カイメイ
ショウフ
セイモン
ショロウ
ユウセイ
カイヘイ
ヌスビト
ハンソク
シュモク
サイブン
フウカク
ヨウタイ
チュウブ
クチコミ
ノウリン
ムラムラ
ヘイゴウ
エハガキ
ソッセン
チャイム
ヒョウガ
オオユキ
センベイ
ザンガイ
ケンタイ
イブクロ
センノウ
ハイゴウ
ゼイコミ
イヤオウ
マトマリ
シンマイ
ゲキタイ
マイソウ
レスラー
マンキツ
センカイ
シュウカ
ホウゲキ
ソトヅケ
シンカン
イチレイ
ホンケン
ヨバワリ
ソウカイ
ケンエツ
シズケサ
ハツネツ
エングン
フォント
ハイソウ
カクレガ
ウルトラ
チュウニ
ヤマオク
ワルモノ
コウシン
コウタイ
ヒルメシ
マジュツ
スケベエ
ヒッセキ
ヨウガク
サキドリ
セイレイ
ケイソツ
タカマリ
ウチワケ
モロトモ
セッカイ
ベーコン
デンライ
ナンテン
クウセキ
マンサイ
アクヨウ
オリオリ
マンカイ
ゲンキン
イッセキ
ウキボリ
ヤキモチ
キンベン
ジョウバ
ラウンジ
ダンガイ
サッキン
オオオク
ザンダカ
コクバン
シッペイ
ハンニャ
ヨソモノ
ゼイカン
リニュウ
ドウテイ
コウテン
ノウドウ
シーエス
センダン
リュウギ
エンセン
ゼンブン
マンメン
ハイテク
マイボツ
サイサン
ニノウデ
タンラク
ユウケン
トウバツ
コウワン
ケイレイ
イップク
リョウシ
キッサキ
マルダシ
ナントウ
アイノリ
メノシタ
キシュク
ホウテイ
カイテイ
ケンシン
ソウザイ
イヤイヤ
キンノウ
デバイス
カンゼイ
イレブン
ジュバク
フォース
シャクチ
ヨウフウ
チョウボ
カベギワ
カンコウ
ブンケン
トウシン
ストロー
カッサイ
ダイベン
ウミガワ
カイロウ
コメカミ
マリョク
コッコウ
ランダム
ヤクソウ
メイブン
クイック
セットウ
カケキン
モザイク
ホンゾン
フンスイ
チュウシ
ハンスウ
リジュン
コウセイ
トウダイ
マフィア
ユイノウ
ノウミツ
ショコウ
シュウシ
スイテキ
オンコウ
ブッサン
エヌジー
ボウコウ
ホワット
ピーエス
ワリアテ
ニチヨウ
フェンス
ナガグツ
ステート
シカエシ
ゲンゾウ
ビョウリ
タンセイ
アジサイ
カイザイ
ヘイゲン
ハチマキ
セッカチ
ナンゴク
ネンポウ
ボーカル
パンパン
セイロン
カオブレ
メンダン
コチョウ
ハイシャ
カイヘイ
ガイトウ
ザイニン
バイテン
サイシキ
ナンダイ
ハツゲン
ゴウカン
ハンハン
ピーマン
カリスマ
ヒヤアセ
レンキン
セイトン
サンドウ
コウケイ
テツセイ
ゲンサン
ダツラク
カイコウ
シンキン
タコヤキ
クギヅケ
ライフル
カンラン
コトブキ
ホチョウ
セイナン
ゾウゼイ
タイマー
シンチン
ヨソオイ
バイリツ
ケンセイ
シュセキ
オクガタ
テイメイ
エンスイ
ダンラン
ボウゲン
トクサン
ホホエミ
チェリー
ヤジウマ
ケッシャ
カクシツ
トウカツ
キュウチ
ハンガー
ゾクヘン
ノラネコ
キショウ
コンカン
モノイイ
シンクウ
イッソウ
アサガオ
ジッコウ
ゼンダイ
ブンジン
ヨウセイ
タンタイ
ヒッサツ
コブトリ
リセット
セイイキ
シックス
ケンガイ
ジョウリ
マジワリ
ユウベン
コウテイ
テンクウ
ソクトウ
カイソウ
ニギワイ
ザワメキ
クウキョ
ツキソイ
コヅツミ
ダンジキ
モクロミ
ゼンアク
ナイザイ
オンネン
クチブエ
ホウセイ
ラクエン
ネツゾウ
シンレイ
クチカズ
コウエイ
カンテン
トリキメ
セイバツ
ゲンスイ
カンレイ
サイモク
シイタケ
ペンギン
サイコロ
バイゾウ
カキトメ
ユウヤケ
ザッシュ
ユウレツ
テイヘン
ビンセン
ウォール
ヒキャク
ハルサキ
ロウレイ
タンパク
ホラアナ
ドリーム
ケンソウ
シシュウ
サンマイ
カイマク
ミギハシ
ハクネツ
キャスト
タイセキ
ツリアイ
サツリク
ジレンマ
シッセキ
ドウシュ
シュワン
ケットウ
メイゲン
ニョジツ
ポリシー
キャロル
コウアツ
トレード
イワヤマ
トンカツ
カンヌシ
ケイヒン
ヘタクソ
ランヨウ
ボクソウ
ウツブセ
カイセン
リュウハ
ファーム
シマジマ
スイゾク
チョクシ
コウロン
リタイア
ネットウ
テンノウ
ラクガキ
マチカド
チャクチ
テジョウ
トックリ
ミンセイ
マンプク
コンダテ
ジシャク
イケガキ
ナンタン
アサガタ
リキセツ
メンミツ
ヒマワリ
ヒョウリ
ドヒョウ
トランプ
ワーカー
モンゴン
バラツキ
クラッチ
フライト
ジンシン
セイホウ
ロウネン
コンタン
ディーン
レイタン
ミズワリ
ネンナイ
ザツヨウ
グンジュ
スイグン
サイタク
アトアジ
カイヨウ
ジジュウ
ズイイチ
ユウザイ
ウォーク
ヨウショ
クチサキ
ミドコロ
カンサツ
レッテル
イースト
ハクショ
タイジュ
トウミン
ジュドウ
ホウオウ
ユウチョ
ドウタイ
ピストン
メグスリ
オンジン
ショウカ
マインド
ハナサキ
ツミタテ
ナンコウ
ザットウ
トビキリ
ハンシン
スジガキ
ガンポン
イッセツ
ヨウホウ
ドウメイ
ペイント
ベッカク
カタコリ
ケンアク
ゾウシン
トウブン
レイスイ
キマジメ
シロップ
バーゲン
ワリカン
カクショ
カナアミ
ヤスウリ
ホンザン
トリタテ
イケニエ
スキヤキ
キュウシ
ニュウカ
キンギン
ペースト
ガクシキ
ミリョウ
チャシツ
アトオシ
コウロン
エイベイ
フタマタ
センボウ
テアタリ
コウネン
トウグウ
ハマグリ
ズイヒツ
クップク
ナラワシ
タンコウ
スイシン
シャテイ
キチョウ
カイヘン
ヨコドリ
ササヤキ
ダイスウ
カジュウ
ユクスエ
カンポウ
シンゲキ
モチカブ
ユウボウ
タイノウ
コクタイ
ケッコウ
ダイコク
ホンコウ
キキョウ
ハキュウ
クサバナ
ホコサキ
シタジキ
タイヘイ
クニビト
クキョウ
ハッポウ
ソクジツ
キョコウ
ダンコウ
デンテツ
セイライ
カイガラ
ブンボウ
ホンマル
ケンヨウ
ホルダー
タイカイ
ロウゴク
カイコク
イザコザ
スイング
モノゴシ
ドウゾク
コクセイ
リショク
ナカホド
アイケン
スウコウ
チョウド
カレッジ
カイキン
ツレアイ
シュツバ
コンテナ
ケンブン
オショク
シタウチ
グラビア
ショウヨ
リッシン
シッケン
ワックス
タクラミ
タナバタ
デンタク
キジョウ
コクエイ
ミッペイ
シンガク
チャミセ
スタンプ
ヒッキリ
フジュン
ゴマカシ
モテナシ
クッタク
ゴンゲン
ハチョウ
ダッスイ
インフレ
ショドウ
カイダシ
ドウホウ
ホンメイ
テキカク
ガッカイ
ゴシック
フカイリ
テレホン
トウダイ
カンナイ
オウシツ
タイマン
シャレイ
センドウ
カンボク
カタヨリ
グンヨウ
フジュン
エキイン
コウケン
ブランコ
センコウ
イッシキ
ウラニワ
ケッペキ
タイグン
オキアイ
フンドシ
オーロラ
スジミチ
メイニチ
クラウン
ハチウエ
ガンペキ
ハカイシ
タンザク
コウガク
カイダン
フクイン
ヤキソバ
セイコウ
バクオン
ケツベツ
ユチャク
ネンマク
ケンザイ
オンゾン
コウロウ
ジンゾウ
テンプク
ニヅクリ
カイコウ
ノキシタ
ワリバシ
タイドウ
モンバン
センユウ
ホウヤク
バンサン
トウメイ
コウゲン
レビュー
スイトウ
アサバン
キツモン
リサーチ
ツイトウ
ダイソツ
カイカツ
テッソク
プッシュ
ザイバツ
ゼンレツ
ソウゼイ
キレハシ
トウドリ
ハイセキ
ジョウホ
ケイセイ
ホウノウ
ナンカン
オウボウ
メイメイ
ヨメイリ
カクシキ
グンプク
ウーマン
ヤキモノ
コクガク
クウグン
タンスイ
ニッカン
トッコウ
ノチホド
ボクサー
グリップ
ハイカイ
タクエツ
コクメイ
ミンポウ
カチュウ
シャトル
ホリュウ
フショウ
ドロヌマ
ミミウチ
クミカエ
シオクリ
カギョウ
セイレイ
ベッサツ
ガラクタ
トウカン
ケンナイ
サイテン
シャベル
ユカシタ
ゲキセン
テンジン
ハングル
チョーク
ボクトウ
カンジン
イキヌキ
カクラン
ザンニン
リョウガ
ウィンナ
センテン
ガイセン
テンマツ
セイドウ
テッコウ
ソウサイ
シュヨウ
ハクダツ
イッポウ
ブジュツ
ソウゲイ
ヨウシキ
ゲキヘン
コウキョ
セイテン
ヒショウ
ブッポウ
ジンボウ
ニコチン
カイショ
センセイ
ソウセイ
ラクセン
アキカン
チンピラ
キューブ
コウヨウ
ザンテイ
シタサキ
ヒルマエ
チャヅケ
マンモス
オンリー
ツウレイ
ジンブン
ヘイソツ
ヒジョウ
シンポウ
コクサク
スイシャ
ソウハク
カクサク
シャドー
ラグビー
ノウヒン
ガイトウ
コウガン
エングミ
メンゼン
キョドウ
トリハダ
オウケン
コクイン
カンレキ
ヨジョウ
ザヒョウ
サンサイ
ホウヨウ
コウドウ
エンジャ
ニグルマ
ベンガク
ホウヨウ
サキモノ
シップウ
ブラザー
マーカー
ヘイコウ
ホンドウ
クロース
センポウ
テンイン
モクニン
フリソデ
セキガイ
ホウガク
クミイン
カンマツ
ゲンエイ
ゴチョウ
リンシツ
ケンキョ
ウケザラ
サイセイ
フラワー
サイコク
ドウセイ
キュウユ
ジツメイ
ソトヅラ
アシブミ
カチョウ
ヤネウラ
モメゴト
ホンセキ
ウエーブ
コンケツ
チャパツ
サイケツ
スイヘイ
ゾウスイ
ハハカタ
ゼッペキ
ハキョク
フミダイ
ドクセイ
コスモス
マラリア
ソウコウ
ケイアイ
アクタイ
シュウシ
キギョウ
ヘンキン
ヤジュウ
カンロク
ツクダニ
タンスイ
イシュウ
トウスイ
キョセイ
ブレンド
スコップ
ヨウセキ
ジチョウ
ケイシキ
サケズキ
ロッカク
コットン
ケンブン
ハッコウ
ハンゼン
セイセイ
ドウテン
モッコウ
コウナイ
カイチク
シャクシ
シンポウ
ガイカン
シショク
ホウジン
ドウゾウ
セイザイ
キヤスメ
ショセイ
イチグン
ショウカ
インフラ
ウラウチ
フウテイ
ファイト
シスター
キョボク
ゴウベン
ハクラン
モモイロ
ゾウセイ
ズイショ
ドングリ
トウゲイ
ツウセツ
アケボノ
サイハイ
テミヤゲ
ゼンテイ
ミンケン
キンゾク
コクセイ
ダンソウ
ミハライ
ヤショク
シリュウ
センネン
ソッコウ
トウロウ
セメント
オンシツ
ゲンメツ
タジュウ
クセモノ
シマグニ
モヨオシ
トリコミ
イチョウ
キョウギ
バンブツ
プロペラ
ブンケイ
イッカツ
セイヤク
エンソク
ノウナイ
ゼンセツ
サンデー
イショク
ハヤアシ
タイガイ
タンケン
イシズエ
ゼングン
コクゼイ
サイエン
サクレツ
オイウチ
バンコク
フカシギ
トシダマ
シャフト
テイハク
ヨビステ
インセイ
スクープ
キキョウ
リリース
ヒキアイ
ワクチン
ハツレイ
アトツギ
ハードル
ツグナイ
シンニン
ショネン
シュゲン
ホウシン
ツウサン
キャッカ
セイジャ
フクメン
オイタチ
コショウ
テイスウ
ギョカイ
メイサン
コウレイ
ウズマキ
キャクマ
ウナバラ
マンベン
サイコウ
ナコウド
アンケン
エンダン
ヨクゲツ
セイエイ
ツジツマ
セイサン
ダイドウ
ゼンニン
キョウヨ
カンテツ
ヨウカン
シュッシ
サクラン
ケンエキ
メンゼイ
シンカブ
ビリョウ
ボウカン
イッカイ
モンジン
コンイロ
ギャング
イミョウ
コウショ
シショウ
ルイセキ
タチウチ
ホントウ
ドウヨウ
オシエゴ
ダシイレ
レーダー
ナゲヤリ
カミキレ
サキゴロ
センリツ
サンカン
シンケン
テイオン
ジュツシ
カラアゲ
ミッコク
イチドク
サイクン
ナイホウ
オアシス
アサメシ
メイシュ
コーラス
モノマネ
ゼッサン
アクセイ
ゼツエン
ショセツ
カンボウ
トレンド
メンセキ
セイイク
ワカゾウ
シツゲン
テンコウ
マエブレ
テンシン
ケンカク
コシカケ
サンモン
サイカク
クロシオ
カワセイ
ユウボク
セイソウ
カイセイ
オオマタ
カンラク
ダイモク
スピッツ
カキモノ
セイメイ
シリアル
エイヤク
コウヤク
フクイン
サクソウ
コウメイ
フチョウ
カクイツ
トウカイ
ブンツウ
コノカタ
エイゾク
セッチョ
チュウギ
ケッコウ
テンメイ
カンオケ
アイドク
タンガン
コクホウ
ザイニン
モットー
ケッカイ
ヨクヨウ
ケンセイ
コウソク
ナニイロ
キョウユ
コンレイ
シンセン
タンパツ
テンヨウ
ヤマイモ
センラン
コウボウ
ハグルマ
ソクシツ
テワタシ
タチイリ
クローン
ウシロデ
コウネツ
シュエン
ヘイイン
タイセキ
セモタレ
マルミエ
サクバン
セイイン
センニン
ユウリョ
ダツゼイ
フンサイ
ヒザモト
ニッポウ
コナゴナ
ソウショ
ナイロン
スナップ
リュウチ
シンジン
ハンメン
ジョウキ
ジョテイ
キリフダ
トウゴク
ナイジツ
セクター
スウセイ
センセン
セキショ
ケントウ
グンソウ
ケンヤク
クジュウ
モチュウ
イタノマ
ダイホン
ウデグミ
キュウジ
タイハイ
ショウヤ
ヨコヅナ
ヘキエキ
シャソウ
サイホウ
デキバエ
シッタイ
ジョウビ
オコナイ
トピック
チンジュ
ミキサー
ボウネン
シュベツ
ホウレン
カイザン
オドリバ
スウシキ
ツウサン
ヨウセイ
ノキナミ
ダンパン
トクヒツ
イロガミ
バイオス
ヒューズ
ハンセン
テハジメ
ジギャク
ナギナタ
セロハン
ホンネン
ポケモン
ジュウド
タイゲン
ジョウザ
ホウオウ
オウヘン
タイロウ
カンセイ
ノジュク
ワイパー
ドクボウ
ソクタツ
サイクツ
バッポン
テキセイ
イナサク
ガンコウ
ゴウオン
ケンシキ
スクエア
ロンキョ
ミズクサ
ダンカイ
ガイシャ
ハイタイ
カイカイ
ナイセン
ギジュク
アソビバ
シンコウ
カンエン
ゾウショ
パトロン
イチグウ
ハッセイ
ネトマリ
ゲキドウ
ゾウガク
シンズイ
タクワエ
クリップ
シンゾウ
モチイエ
カイイヌ
ニョウゴ
セイヘキ
セキセツ
テンシュ
ホウコウ
シュイロ
ホッペタ
ゲルマン
テンセイ
デンドウ
ルックス
ツッコミ
ケイハク
チンアツ
ヒキニク
キリステ
カンナイ
バチガイ
カンベン
ハイシャ
クウゼン
ケンジツ
ソウアン
ゲンプク
ヒキウケ
ゲンメイ
ゲンアン
ゼンリン
ザンショ
ダッシュ
ジンメイ
ナイラン
ハッキン
トクダネ
ヘイテイ
タイコウ
シオヅケ
ノウエン
ニョタイ
タンポポ
ヨチョウ
コウチン
シアガリ
ヒトザト
テノコウ
ヨウカイ
カサブタ
ヘダタリ
テイセツ
シュドウ
オンシン
ドキョウ
コバシリ
セツブン
マチブセ
タイサン
ボイラー
ジーエム
フクシン
アラカタ
カーソル
サキユキ
クチヒゲ
トックン
ミブルイ
サマタゲ
セッケン
カイコン
ヨウジン
ウワムキ
サケノミ
キャリー
ノウサク
チジョク
シンザン
キリヌキ
ジョウギ
パーソン
カイソク
ゲンソク
クロフネ
アイリス
ミンヨウ
セツドウ
トリツギ
ユウヤミ
メイフク
ザッキン
アンドン
ダイノウ
ダイジャ
シンカイ
カンレイ
インエイ
ドウシツ
ショッキ
ジンセン
キンセツ
ヨウネン
シッタカ
ラントウ
サンダイ
コンパス
オヤモト
ウラワザ
タテウリ
ギョウコ
ヒルゴロ
ライメイ
ヘイレツ
カイカエ
ソウトウ
ツウネン
トウモク
ハーバー
ハツイク
エンバン
センジン
シャホン
ネマワシ
モンガイ
ニセモノ
フリーズ
マンセキ
エンテン
シュウキ
アワレミ
ユキグニ
ホウセイ
イレモノ
ケッキン
ウチキリ
コウケン
コムスメ
コウサン
ヨコシマ
バンニン
ケツジツ
ユウヘイ
ケンドウ
マショウ
トウシュ
サンゲキ
ヨシアシ
アクメイ
サキガケ
ハチュウ
スイガラ
エンメイ
サキュウ
ミセモノ
ハツアン
ゴースト
ズイコウ
アトトリ
アトカタ
カンニン
ムギチャ
ウレッコ
ドウラン
ウインド
レンメイ
タクアン
ミンゲイ
アシコシ
マツバラ
イーピー
メンルイ
シンセン
イタマエ
キリコミ
ドウシツ
レイキン
ウメタテ
センナイ
シンアイ
シンエイ
アラスジ
タイセイ
マンザイ
ハツコイ
オオサジ
ドウガク
アシサキ
ハンリョ
マツエイ
カンツウ
ランカン
オウジョ
ウエコミ
チンセイ
ジュバン
インシツ
ホウニン
ガイハク
ヤケアト
タントウ
タチバナ
ヘイミン
フナツキ
ゲッカン
ユウモウ
タイキョ
ハンテン
シンスイ
テマネキ
カミカゼ
タメイケ
ヨコムキ
タイナイ
ダイモン
メイアン
シッシン
シンロウ
トウゴウ
コンソメ
リンドウ
コウテツ
ゼンサク
テンタイ
テナオシ
メガシラ
ロマンス
ゴウコン
カンノウ
ウリコミ
ゴンドラ
シンエイ
スイキョ
エキシャ
カシキン
ノドモト
センニン
キョタイ
オテアゲ
サイレイ
スパイス
バンショ
セイレツ
シンナー
シナジナ
ケツボウ
ジョサン
サカダチ
レイカン
ヤマノテ
ソバカス
イサカイ
シツメイ
シオヤキ
シツオン
バイキン
カイジョ
キュウム
トウホン
ハラッパ
カンシュ
ザイホウ
ゾウエイ
キバラシ
ガンペキ
ハンセイ
フクシャ
フッコク
ヤンチャ
エントウ
リベラル
ガンユウ
シオカラ
カンコウ
ミゾオチ
ケンマク
ハナラビ
チギョウ
ダンゾク
シンデン
キヨラカ
ヤマデラ
ムジョウ
メイセキ
セイケイ
ホンタイ
センポウ
イッシン
シッツイ
コロシヤ
センレイ
ジヒョウ
ジュダイ
シンラツ
ナノハナ
エスエム
ギキョク
ドチャク
カミクズ
ヨウコウ
シリョウ
ハンザツ
リキガク
ジョカン
スエッコ
グラタン
ケンジャ
ランソウ
ケシイン
コウシン
ソウデン
カンヨウ
オシロイ
ウワガキ
ナニブン
トウソツ
タイサク
ネンコウ
サーモン
サミット
サイテイ
ボウオン
イタバリ
ニクガン
マルガオ
シラカベ
ハイメン
タンレン
キョクブ
サンスウ
エイゴウ
セップン
タビダチ
モノカゲ
スモーク
シツガイ
ガンセキ
ライナー
ゼンエイ
バンパー
タイテキ
ゼンサイ
イエナミ
リョクチ
ジョソウ
ギョカク
コクエン
ホウベン
トラベル
アラナミ
ゼントウ
ヒトコロ
ワキヤク
トウフウ
ドッカイ
テッキン
ヘンテツ
カケオチ
ロンセツ
シンゼン
コロアイ
バーナー
レイコン
チャノユ
カスタム
オムレツ
アイガン
ウチジニ
カイドウ
ドウゼン
スジアイ
ハギシリ
マッチャ
ネブクロ
ショハン
ハイベン
ソウガン
キッスイ
ハクシャ
オウトツ
ソウカン
エンダカ
カイゾウ
ヤチョウ
ショウワ
ミギキキ
ゼッピン
ミズムシ
ゴウテイ
ニンギョ
ナワトビ
ヒイラギ
アジアン
カンタク
シラジラ
ビロード
ソウゴン
ナガタビ
シタッパ
ナンヨウ
ママハハ
エンター
ブラッド
ヨウガン
ナミカゼ
オリガミ
キゴコロ
アツレキ
カンシキ
ビレッジ
キンセイ
ハイパー
スイアツ
エンセキ
テツブン
タニソコ
ジュクゴ
チチカタ
インモウ
アライバ
オウゾク
キンシュ
ケーオー
オオゾラ
コクエキ
テチガイ
ゲンポン
トシアケ
ハイハイ
ショモウ
セイホク
オオカワ
ヒョウイ
ギョミン
シュクバ
サボテン
ガイテキ
シンプク
ダンコン
テイコク
ニュウワ
デンコウ
シュガン
フナタビ
ドウタイ
イチメイ
クチドメ
イヒョウ
モノノケ
デキアイ
テンビキ
ゲンセイ
コサイン
プレーン
テントウ
タソガレ
オウセン
インフォ
コウイン
セシュウ
ダイドウ
キンカイ
ゲンマイ
ミハラシ
カンガイ
バンソウ
ナイミツ
ニゲミチ
ヒンミン
ラビット
ヨウジョ
ヨリョク
ゲッコウ
コウセン
セイスイ
ズブヌレ
ハッタリ
ボンジン
シキシャ
センバン
トラップ
ヘイセツ
コヅクリ
シンタイ
ブンダン
ミドリゴ
ナイコウ
タイトク
ゼンケン
ザッキョ
ホシゾラ
カンゲン
ハキモノ
イキョウ
シキテン
ヒトガキ
リミット
シンイリ
ファウル
ヘイコウ
ハイヤー
ソウケイ
ゴウダツ
ニクヅキ
ソウラン
ショウカ
トリョウ
エンキン
センジン
イトシゴ
フナノリ
コウカン
サツタバ
トッコウ
マキゾエ
バンソウ
センビキ
ノウセイ
ヨワムシ
キョシキ
マチカタ
アダウチ
ケンデン
ヤクドウ
セトギワ
ブロンド
ホオズキ
センケン
マツジツ
ペーハー
ヨウタツ
コツバン
リキュウ
ニシグチ
バクシン
クスリヤ
ゼンニン
サイダン
フナヨイ
スイガイ
タクイツ
オキモノ
トロッコ
マゴコロ
ハンバク
トウジキ
テイノウ
カッポウ
プラチナ
メイチョ
ジシュク
アクセン
テイナイ
シンエン
ハナガタ
ハイカン
オリカラ
ソウベツ
ドウコウ
ソウケン
センケツ
リュウキ
ソンミン
ベイヘイ
ヤマザト
シュゲイ
コウグン
ニノツギ
キンシュ
サイコウ
スイボツ
ケンソン
タイシャ
マドワク
ヘロイン
ソウネン
カンサイ
コウモン
サンゾク
ハンソウ
カイネコ
ゼツメイ
セイヨウ
ナリタチ
エムオー
ギョルイ
ムスリム
テンニョ
タイバツ
テンセイ
ガンバリ
クロウド
ダンメン
ステッキ
トクホン
マネキン
コザカナ
ショケン
イチボウ
ウレユキ
テホドキ
ケッソン
ニチョウ
キンパク
ソンノウ
ベンロン
カショク
ガクドウ
フナゾコ
トウベン
ハクジツ
アシカセ
セリアイ
セキグン
インケイ
サザナミ
コクシュ
ソツロン
ハゲマシ
セレクト
ルイスイ
ナツゴロ
セイカン
オオナミ
メンボウ
ヨウサイ
セツボウ
カイシン
ヤマビコ
ナリキン
イッスイ
ジョウジ
ジュカイ
ミッセイ
チャクイ
メツレツ
テンガイ
チリメン
ケンモン
ナゾトキ
カンプウ
エリモト
コウサイ
カケアシ
センシツ
デンレイ
ジーピー
モウジン
カケジク
コウシン
シャセツ
ケッパク
アゲモノ
コンシン
キキコミ
ハルサメ
ネンゴウ
オオザラ
ショダナ
エーエー
コウガイ
チャカイ
ファンド
ソウウツ
スコープ
イシコロ
キチャク
ディスコ
ミズトリ
ウップン
パラレル
ヘンタイ
ホウボク
コウナイ
タイベイ
チュウジ
タイホン
バリュー
チョウバ
デンドウ
レキニン
ナンメン
キジュン
ソウテン
ハツガン
ユウタイ
アニマル
ハンマー
ゲイゴウ
ダイタイ
トウシン
モチブン
テイレイ
カリョク
エッケン
クニモト
ムシバム
シリコン
カタハバ
アクルヒ
マドゴシ
エンスイ
ヒラメキ
センセイ
トビコミ
エンタイ
シンゴン
ハカライ
サンザイ
コウソク
カンアン
ジチョウ
モチダシ
ピープル
コウコウ
イーグル
オザナリ
テンプル
シンカン
キョシツ
ヤッカン
ヒジュン
ノキサキ
コウラク
ホンマツ
キンピン
キンダン
ヘンソウ
シノノメ
ツイゲキ
ボウラク
ショハン
カネカシ
テザワリ
バイパス
モウテン
コンボウ
ナマゴミ
シンパク
オンゲン
イッセキ
テイシキ
ホネグミ
ローダー
ドウコウ
デンゲキ
シリゴミ
ゾンメイ
オウセイ
カラクチ
ペンシル
ブンセツ
ダイタイ
ウラヤマ
カンコン
マンダラ
イヌネコ
ゼイニク
ショーツ
チョッカ
トロール
スッポン
イチユウ
ドクヤク
リムジン
コウイン
ヌルマユ
オシャカ
ヤマヅミ
ツイズイ
シチョウ
シンシュ
コウドウ
ゲンペイ
ギザギザ
ザンパイ
ウルオイ
エイタイ
ヨミモノ
スコッチ
メザワリ
オオブリ
センリツ
ドラクエ
ノバナシ
センボツ
ノミクイ
ソデグチ
エフエー
インゼイ
ボンノウ
テノウチ
グンレイ
ノライヌ
ダンゴウ
ヒッパク
ブレザー
センメツ
ゲンケイ
セキハン
コウモン
クワガタ
テツボウ
メンソウ
クラフト
タイケイ
シアター
キャビン
トッコウ
セイユウ
ハクギン
カナキリ
モーテル
ジショウ
ノウテン
カキョウ
セイシツ
カクエキ
リンリツ
ジョセツ
コウナイ
スドオリ
ドサクサ
クサノネ
ゲッシャ
ケイコウ
ソウダツ
ジツゾウ
サカリバ
オオゼキ
ホウサク
ガッサク
ベッカン
ホウセイ
カジュウ
ムナイタ
トオボエ
スイテイ
コンメイ
クロヌリ
コウハツ
オオゾン
サツバツ
シュガー
トリマキ
イケメン
ヒョウゴ
デイスイ
カタコト
テイダイ
サンスイ
セキメン
エンカイ
ベンサイ
マンネリ
キジュツ
タワムレ
ハンカク
ミツリン
カイドク
カントウ
アキカゼ
ソウゼツ
コクブン
ドクブツ
オシウリ
ナキガラ
ホウコク
ケイリン
ゲイメイ
セツジョ
ホウケイ
カイライ
カシダシ
ゼイガク
セイガン
トラワレ
カーボン
フリダシ
キレアジ
ダンイン
タケヤブ
キョウワ
ホンスジ
ガクダン
ゼネコン
ミニバン
ギョシャ
オオイワ
イッタイ
コウブツ
シッコク
サカナデ
カイコウ
キタカゼ
チョスイ
モクタン
セツモン
セオリー
ミンコク
ランザツ
ユウアイ
ヤマジロ
セーバー
チクリン
オウドウ
リョウシ
スミコミ
ユウゲキ
ホウメン
ヤクシン
ハナクソ
マケイヌ
ヘンレキ
ドウレツ
ヨウリツ
トクセイ
ホンセツ
タイケイ
モウドウ
アクリル
リコール
ショメイ
ワキミチ
カンテイ
サトオヤ
サンブン
ハナウタ
クツゾコ
テイヤク
ドウガン
ヨキョウ
ハッコウ
ラクダイ
ホンペン
モウショ
ドウゲツ
フキヌケ
フラッグ
ダジャレ
ケッソウ
ライコウ
メリハリ
ゼンショ
シンコウ
ランガク
リキテン
サルドシ
キョシュ
オイラン
デュアル
カザムキ
ブッカク
アツアツ
ジキジキ
テキジン
ハヤミチ
ザンキン
カクゴウ
ハイカイ
タイメン
イキギレ
ミズオト
ヒダリメ
ベットウ
ニッケル
ヤマナミ
オシボリ
ヤマモリ
キンヨク
エーアイ
シュエイ
ライゲキ
トクダイ
ボウセキ
カイツケ
エイネン
スイケイ
エキベン
ガンバン
ニンテン
マンマル
テナント
レンカン
カンサン
シンテイ
シタガキ
イチマツ
サンプク
カマキリ
アメフリ
キキョウ
ブンリツ
アリタケ
アンバイ
アイシャ
カイホウ
サンラン
コウブン
ヘイソン
コウセイ
ダントツ
ソクホウ
ホッカイ
ガイケイ
カンモン
シュウジ
オトズレ
ムギワラ
ダイトク
ウインク
トウスウ
ショサン
タイハイ
ポーター
モチマエ
ムキュウ
カワリメ
ソンボウ
キッコウ
ミュール
タチヨミ
イチジク
チュウキ
テキレイ
ショウカ
テンカン
コンスイ
ガンジツ
ハッカン
ナイナイ
ソッコウ
テイゲン
フリガナ
ゼンノウ
トキメキ
ジュダク
チュウワ
ギョクザ
キキミミ
シジョウ
ロウゼキ
ヨリミチ
オウネン
マザコン
フカブン
ハジライ
ラクイン
ガクナイ
サイアイ
ドウセイ
シャジツ
カワベリ
タイネツ
サクボウ
カレクサ
シンスイ
フッカン
イチヨク
ボウカン
バラード
タイセイ
ロンポウ
スネーク
イエノコ
ザントウ
ヨウセツ
ニットウ
ホウコク
セキツイ
テキコク
バンニン
コウマン
トウジン
ヘイケイ
ツイタテ
ツメショ
コクベツ
ショシン
チョウシ
ソウコウ
ナイセイ
オウコウ
ミツヤク
ケンシン
タンタン
ガンショ
ゲツレイ
ユニオン
シェリー
ミミナリ
センニン
チンツウ
サンダン
モウマク
テンサク
ゲンゼイ
タイザン
セイガン
オウカン
シュボウ
フトドキ
タンゲン
オウドウ
ライヒン
イチネン
フライド
レイセツ
シメツケ
ヌキサシ
マナイタ
トウアン
テイガク
マンパイ
カミダナ
ホリカワ
テバナシ
テイセイ
センテイ
ハツミミ
デンコウ
ゲンロウ
トリブン
ヨウエキ
カンニン
ボウテン
ケンバン
スイソウ
ワタツミ
キュウカ
ナカダチ
キュウチ
キョエイ
ヒッコミ
ヒロイン
ブンスウ
シンボク
コウシツ
ゲキチン
カイサン
ブレーン
ホクタン
プロット
ムショク
アクヤク
センダツ
クロウト
セイカン
アヤカシ
トウヤク
アンザン
トウシン
カンプク
ニノマル
アイラク
ゼンボウ
ハンテイ
コウガン
クジャク
ヤクシャ
エンニチ
ユウカク
ヘンテン
チョッキ
ウンデイ
コクテイ
ユウシャ
ハザード
ランセイ
ダッシュ
ハエギワ
シュクガ
ジュレイ
リソース
デッサン
タイエキ
アゲサゲ
ドクサツ
スイモン
キチョウ
イイアイ
ゴシップ
サンイン
センサイ
クルブシ
ツリガネ
ハナバナ
テンシン
クランク
ユクサキ
コウユウ
ボンヨウ
ゲキゾウ
レトルト
カキカエ
カワキリ
テキニン
ホウトウ
アングル
センサイ
ドウコウ
セラピー
シオカゼ
マンタン
ニュウブ
ファニー
ロウスイ
シャセイ
カチグミ
シンドウ
ホウデン
キショク
ボウハツ
キリフキ
ハダイロ
ロウドウ
カクノウ
コウソウ
ギョソン
オサナゴ
センシュ
トウゴク
アンノン
ヘンチョ
ツウゾク
カイニン
センベツ
ロウガン
スイゲン
シュゾウ
シュセキ
カンセイ
トウケン
カタイレ
トオヤマ
ヒョウブ
ドヨメキ
ヒジカケ
ザイショ
フェルト
バンカイ
レイノウ
シグナル
シャダン
ハレンチ
オシドリ
キンシツ
キリキリ
コウリン
ハンヨウ
ゼンブン
エルエー
ソンダイ
ナカガイ
ケイシツ
ゾウサン
シラユキ
シギョウ
シタガワ
オオアザ
アベック
センバイ
ヨリアイ
ゲンショ
モクサツ
ドウケイ
レーサー
メイアン
リョウハ
マエガキ
エンザイ
カガリビ
オシツケ
ショウム
シキイシ
オオナキ
サックス
ダンザイ
クサカリ
ヤミイチ
エンヨウ
ロンコウ
ホシャク
ソクセキ
シャセン
スカーフ
ケンニン
ツカイテ
メイウン
ベイエイ
マスカラ
ハンモン
ストーム
ブンタイ
レンリツ
セイヘン
カイガン
メイユウ
ビルダー
パンプス
クレヨン
ケイガイ
ヒトヤク
ゾウイン
カーナビ
ウミゾイ
アラーム
クロマク
ケイトウ
アリーナ
ガッサン
タイヨウ
ブンカン
テイカン
ゴチョウ
アキフユ
ポーカー
エンシン
ミズギワ
タナアゲ
リンゲツ
バンガイ
パレット
ピンポン
レンセン
アイビー
サイケン
ショウソ
フンマン
タテカエ
モチアジ
エンナイ
ゾクセツ
ジッパー
スイセイ
アシドメ
ヒヤカシ
バロック
コウシン
キンボシ
セッソウ
ジョヤク
エルオー
ケンシュ
ウキアシ
ヨウカン
ザショウ
ジンゾウ
ヒナガタ
ジョソウ
ワカトノ
オファー
デキモノ
カオマケ
ガンキン
セイイキ
セイシン
ボウダン
センシャ
フウブツ
ミップウ
ミズアゲ
ダンソン
ケンロウ
カケダシ
エスエル
ジュガク
ナンクセ
グウハツ
センセイ
タントウ
コゲチャ
シングン
ヌーボー
ミチハバ
セッパン
コマワリ
メイシュ
ドタバタ
ホウガン
タイヨウ
インコウ
キョウカ
ウラカタ
ベッセイ
ジキュウ
ダンユウ
カイニン
キリモリ
ブキョク
テイクウ
ザチョウ
フウソク
ケンメイ
ドワスレ
カイセキ
イッカク
キジョウ
ガイカク
パステル
シャヘイ
モクヨク
バラック
カースト
オオバン
キョダツ
ウワヤク
コウソク
シンパン
ホソミチ
ケンサン
コウハン
オーエー
キョウダ
センケン
ドウカツ
テンジク
リンサン
サンシン
スイモノ
ショヨウ
メイカイ
コウキン
シチュウ
ツウデン
ソウザン
ダッシュ
ゼンコウ
ネンポウ
ドウタイ
トウナイ
シンセイ
ウォッカ
ヘントウ
エンカク
セイソウ
ウリヌシ
ハタアゲ
デキダカ
カリウム
スウダン
ハリアイ
プロパン
アゴヒゲ
バーテン
ロッポウ
ナイマク
ゲンタイ
ホンポウ
ドラフト
ゲキツイ
ジュナン
メクバセ
カンゲキ
カブケン
ショセン
ブンブツ
ダッカン
ソウタイ
キリカブ
オリモノ
ヤクブン
ミジロギ
シンヤク
シュウシ
モノホシ
オオブネ
ドウハイ
ミノタケ
バンヅケ
オヒタシ
ゲンセン
ジンダイ
カワスジ
セイセイ
ユウシキ
ダイフク
カジトリ
イッピツ
エキメイ
ダチョウ
プリーズ
イイツケ
イヤホン
ミジタク
ゾウテイ
コウセン
ソウアン
ヤマハダ
ミオトリ
サイジツ
ヨフカシ
ロウエイ
ヘイエキ
カンダン
オオダナ
サイタイ
マケグミ
コウトウ
ヤマスソ
モッカン
ニゲゴシ
ムチウチ
イシツミ
ダンネツ
ニリュウ
フルカワ
ドウコク
モンツキ
サシイレ
ニセサツ
ドジョウ
タテジマ
ユキドケ
カゲロウ
トラスト
コサック
テキガタ
ハクヘイ
フウウン
テンメイ
ソウシャ
ママゴト
コウヘイ
ゲイトウ
シンセイ
クワダテ
カナモノ
メイジツ
サオトメ
ホンカン
ケツゾク
ヘイバン
ダイヤク
ワキザシ
ハリツケ
トニック
キンピラ
アイイー
ハンドク
グンセイ
ソウイン
クチヅケ
ツルカメ
カイソウ
カネアイ
アイエス
ラクライ
ベッテイ
コロニー
プレース
テキカン
アッパー
サンキン
キュウゴ
ハイガン
オウイン
オクメン
クリコシ
ユギョウ
コールド
シオアジ
ケンザイ
バリカン
センパツ
フウリン
フッケン
バットウ
セイバイ
ゼニガタ
ムービー
シンモン
ヨコバイ
チューン
マウント
チョクシ
ボンサイ
バンケン
コンヨク
ユキヤマ
インラン
モウハツ
サイジョ
アゼミチ
レイフク
ドウナイ
ブレード
ダキュウ
カタムキ
タテカエ
アイカギ
ナミナミ
ハナシテ
センタン
バリウム
ケイフク
ゾウケイ
キョウブ
テンサイ
オウシン
イロワケ
ビョウガ
ブランチ
モルヒネ
ゲンコツ
コウゲン
ホウカン
ツウセツ
トクダン
カイラン
ドウカク
ハナガラ
ゴーグル
ノウシャ
ナンコウ
クギョウ
カケザン
セイショ
オルガン
サクイン
ビンヅメ
ボクチク
セキドウ
ヨウモウ
ヨウヒン
ジシュウ
フミキリ
オンタイ
トクバイ
ウリキレ
アミモノ
ヘイカイ
ヒキワケ
ブローチ
セイスウ
ユウダチ
スキズキ
ラケット
ヨウブン
タンスウ
グウスウ
ワリザン
ガイロン
ヒキザン
ナイセン
イケバナ
センビン
ナゾナゾ
ジュツゴ
ショウミ
ゴニュウ
チリガミ
ヨツカド
ヒノイリ
ダンスイ
カンタイ
タイボウ
テンカイ
ムリョウ
ゲンテン
タシザン
ネンリン
ゲンシュ
アブラエ
シタドリ
マイゾウ
オオスジ
ゼッパン
フヒョウ
チクサン
ガイセツ
チンデン
ハラダチ
フリョク
キンガン
ボウフウ
サイケツ
テマワシ
クレーン
アマクチ
カンヨウ
キリュウ
カイバツ
スチーム
カイホウ
テンニン
ダイベン
テンセン
ウヌボレ
スイセン
エイシャ
ツリカワ
カナヅチ
カイアク
ネンカン
ウタタネ
ゼンカイ
ゲンショ
シャゼツ
サシヒキ
キキトリ
ラクノウ
ジョコウ
マンマエ
トジマリ
ナイター
リャクゴ
リョケン
マエウリ
ストロボ
コウスイ
チリトリ
モチキリ
ウケモチ
クジビキ
カイソウ
アンザン
トリカエ
オオミズ
ウリダシ
ハイケイ
セイソウ
コウドク
セイダク
ヨウヒン
シニョウ
デナオシ
ホシモノ
ウチケシ
コトヅテ
ビョウイン
ベンキョウ
オンナノコ
リョウシン
オトコノコ
キョウダイ
ブンショウ
レンシュウ
キョウシツ
レストラン
ダイドコロ
パーティー
ナツヤスミ
ジュギョウ
ショクドウ
マイシュウ
ライシュウ
シュクダイ
センシュウ
コンシュウ
カレンダー
ワイシャツ
ギュウニク
バンゴハン
アサゴハン
ヒルゴハン
ショウカイ
ケンキュウ
ショウライ
シャチョウ
ジュウショ
リョウホウ
ソツギョウ
アカチャン
ニュウイン
キョウイク
ショウセツ
プレゼント
シュッパツ
コウジョウ
ニンギョウ
アルバイト
シュウカン
シュッセキ
カイジョウ
キョウカイ
ショウガツ
ショウタイ
ニュウガク
アルコール
アカンボウ
チュウシャ
コウチョウ
コンサート
スクリーン
トッキュウ
キョウソウ
サンギョウ
キュウコウ
オクジョウ
コウギョウ
ヒルヤスミ
オートバイ
オクリモノ
ジュウドウ
ハンバーグ
ワスレモノ
フクシュウ
ジョウタイ
ジョウホウ
ショウヒン
コウニュウ
ケッキョク
ショウネン
エイキョウ
シーディー
シュンカン
ショウジキ
ショウメン
マンション
カンジョウ
ジョウケン
チュウシン
ツウジョウ
インショウ
リョウキン
イッシュン
チュウガク
イッショウ
ジェーピー
ショウメイ
カンキョウ
アドバイス
キンチョウ
キョウジュ
ショウジョ
ジョウシキ
タンジョウ
モウシワケ
シュッサン
チュウオウ
レンジュウ
ヒョウゲン
タイショウ
サイシュウ
ノウリョク
ダイヒョウ
セイチョウ
シュチョウ
サンショウ
ショウガイ
トクチョウ
ハッピョウ
ヨウキュウ
ジュウタク
トウジョウ
シュウダン
ニチジョウ
シュッパン
キョウツウ
シュッシン
ヘンシュウ
テイキョウ
モノガタリ
タイリョウ
ゲンショウ
キョウドウ
モクヒョウ
シュウヘン
エイギョウ
カイシャク
ジュウミン
エネルギー
セイキュウ
ギョウセイ
チュウモク
ザイリョウ
チュウモン
コウショウ
ショウガク
トウチャク
セッキョク
チョウセイ
プログラム
シュジュツ
ドウニュウ
ヒョウメン
ショウサイ
ショクイン
カイチョウ
ショウバイ
ケンリョク
タイショク
チュウシャ
ゲンジョウ
コウキュウ
ウインドー
メッセージ
リョウイキ
テイシュツ
ジュウライ
テンジョウ
チャンネル
ヒョウバン
ボウリョク
ショクブツ
チョクゼン
コウキョウ
ショウグン
リュウコウ
ゲイジュツ
ジョウダン
キョウセイ
シャッキン
ドウリョウ
ユウショク
タイジュウ
リュウガク
アイジョウ
ショウゲキ
ガクシュウ
カイキュウ
ノウギョウ
サイチュウ
キョウカイ
メイショウ
ティーブイ
ニュウシュ
キョクタン
シュツゲン
ジュウジツ
セイリョク
コウリュウ
タイミング
エンチョウ
セッショク
シュショウ
シンチョウ
シュツエン
ニョウボウ
チュウカン
ギョウシャ
キンキュウ
センリャク
コウジョウ
キョウユウ
カイショウ
ジツリョク
ショクヒン
キョウサン
ショウガイ
クリスマス
リョウシャ
ゲンショウ
シンニュウ
チョウセン
シュウセイ
ガイシュツ
チョウナン
カウンター
タイリョク
ショクニン
ジョウヤク
シャリョウ
プレーヤー
カンチガイ
ビョウドウ
ニュウサツ
ダイエット
ジャッカン
ジュンバン
セイジョウ
シツギョウ
オプション
キャッカン
ショウニン
チュウネン
シュクハク
ショウテン
カクチョウ
タイシュウ
ブッキョウ
ケンシュウ
シュッケツ
カテゴリー
トリシマリ
ジュウキョ
チュウセイ
アイディア
ドライバー
キュウジツ
ドウジョウ
ザイジュウ
タイチョウ
ホウシュウ
シュウトメ
アツリョク
カンリョウ
ショウメツ
ジュミョウ
スイジュン
ゼンジュツ
チョウカン
エンシュツ
カンリョウ
トイアワセ
ショウゲン
ニュウシャ
シンチョウ
イチリュウ
ヒダリガワ
シュウヨウ
バイショウ
ショウケン
シンシュツ
ダッシュツ
カイシュウ
エイキュウ
ストーリー
テンショク
リョウカイ
シュッキン
シュウカン
タイショウ
ショクミン
ミンシュウ
ファースト
ユウショウ
ショウスウ
キョジュウ
センジョウ
ショウタイ
クミアワセ
センリョウ
ヨウリョウ
キョウカイ
シュッピン
ネンリョウ
ツイキュウ
クリカエシ
テイチャク
ドウキュウ
エイチピー
ヨッキュウ
ドウジョウ
ジュンカン
ヨウリョウ
シュウゴウ
タイショウ
キュウケイ
チョウダイ
アイディー
ソンチョウ
ジュウニン
シュウカイ
ソウニュウ
ショウボウ
チョクセン
チョウテイ
コッキョウ
クレジット
ショクヨク
モウシコミ
リョウガワ
ネンシュウ
ジョウリク
カイリョウ
ギョウカイ
ジョウネツ
コウヒョウ
ショウトツ
リョウホウ
ヒョウロン
ショウメイ
キョウヨウ
シュウカク
シュウラク
ハナシアイ
ソウチョウ
シュリュウ
トウヒョウ
オリジナル
シュウマツ
オモイキリ
ユウリョウ
リュウツウ
シンリャク
シュウニン
ジャケット
カイジョウ
サイショウ
シュウフク
ショウテン
インショク
ファックス
カンキャク
ギョウレツ
ショウドウ
キュウサイ
エピソード
チュウケイ
マンガイチ
ジョウセイ
シュウロク
カンジョウ
アイショウ
アッシュク
クウチュウ
ウイスキー
ショウニン
シュギョウ
アプローチ
トウキョク
カンショク
ホンミョウ
ダイショウ
アメリカン
ダイミョウ
ソウリョウ
センギョウ
ジョチュウ
パートナー
トウニュウ
ヒョウメイ
インチョウ
リョウコク
キャンセル
ミドリイロ
アンケート
アレルギー
キョウテイ
ジョウクウ
ウチアワセ
チャクヨウ
ツイキュウ
オオサワギ
ギャクテン
チョウジョ
カイギョウ
シンキョウ
マニュアル
パスポート
ストレート
ケンショウ
マッサージ
ビョウシツ
フクシュウ
カンショウ
チョクメン
ビョウニン
シュウセン
レコーダー
チョッケイ
フォルダー
セッキョウ
ケイショウ
チャレンジ
ショチョウ
ザンギョウ
セイジュク
コウシュウ
トツニュウ
ギョウセキ
チュウチョ
タイチョウ
トクショク
ゲキジョウ
ジュウタイ
チュウダン
キョウセイ
ショクタク
ショウモウ
オモイヤリ
キョウイン
ケンジュウ
ホウチョウ
ショウダク
キョウカン
シンジュウ
アクション
キーボード
ユウジョウ
カイニュウ
ボリューム
トクシュウ
カトリック
ジュンジョ
ボクジョウ
シュウドウ
シュウエキ
ゼンリョク
チョウタツ
クウシュウ
バージョン
ニュウヨク
ツウチョウ
コウリャク
ギャクタイ
ディーラー
ケッチャク
ファミリー
ツウショウ
ショクモツ
チョウセツ
リョウシン
ビョウシャ
プリンター
ジツジョウ
アーチスト
バッテリー
ネンチョウ
シンリョウ
ショウコウ
ガッシュウ
チュウコク
インリョウ
ジュウデン
コウシュウ
チュウゼツ
ゲンキュウ
センチョウ
ヒトトオリ
ショウキョ
コンタクト
ニュウキン
チョウシュ
テクニック
ジュショウ
ジュウタン
リサイクル
ショウニン
グンシュウ
キュウデン
エキショウ
スピーカー
チョウナイ
シンジョウ
ゲンリョウ
チュウカイ
ジャガイモ
ウォーター
チュウドク
ヤッキョク
ソウショク
オウチョウ
リクジョウ
シュウトク
チョウショ
ネッチュウ
ムコウガワ
フウチョウ
アイダガラ
ショウシン
チョウテン
キョクセン
コウタイシ
ジュウテン
ホウシュツ
チョッカン
アイティー
ハイシュツ
テンチョウ
キュウジン
ソウジュウ
ショクシュ
キョウクン
ゴールデン
リョウアシ
チュウスウ
フィルター
ゼンシュウ
スイチュウ
ショウドク
デンショウ
ソウショウ
ショクザイ
バイシュン
デンリョク
センリョク
キョウザイ
クラシック
キョウハク
トウジョウ
セイシュン
シュウゲキ
ジッショウ
ケイジョウ
ネンジュウ
クツジョク
デメリット
ニュウキョ
キョウグウ
リョウヨウ
カメラマン
ミッチャク
ドウチョウ
ハクリョク
スウリョウ
チョウロウ
スイチョク
ニュウモン
メカニズム
ニュウカイ
コンジョウ
ティッシュ
ジョウヨウ
キュウダン
バイキャク
ギャンブル
シャッター
オクビョウ
センジュツ
サッキョク
ジョウコウ
ヘイリョク
ゴウリュウ
シュクメイ
レンキュウ
バイシュウ
ヤクショク
シュウジン
チュウセイ
コウリョク
マーケット
ターゲット
キュウテイ
シャンプー
エンジェル
セイリョク
ショウホウ
ギョギョウ
ジョウトウ
サイキョウ
コウシャク
ショウソク
コウチョク
パスワード
リラックス
キョクゲン
シュリョク
ジョウチョ
ニュウコク
デザイナー
ケンシュツ
ニンショウ
コンパクト
チョウコク
ジョウシャ
ゲッキュウ
ショウニン
パイロット
ランキング
フィールド
ショウサン
サンミャク
チャクシュ
ヒガシガワ
キョウダン
デンキュウ
ハクシャク
ショウベン
アイチャク
パッケージ
サンチュウ
コンニャク
フラッシュ
ショウゾウ
ストリート
キリシタン
キョウサイ
ジョウタツ
サンチョウ
ライセンス
チュウカク
ショウシャ
カンチョウ
スポンサー
タンシュク
チョウチン
テイショウ
ビョウトウ
キョウゾン
チョウニン
ハンショク
ダイニング
ジュキュウ
チョウフク
トリシラベ
シュッショ
ニュアンス
マヨネーズ
ウツビョウ
リョウシュ
ショウレイ
コウジュツ
キョクメン
チョウコウ
サケビゴエ
ソウチャク
ジョウケイ
ジョウレン
レギュラー
ナショナル
カイチュウ
ホンショウ
シンニュウ
メロディー
リョウメン
レントゲン
ヨーグルト
インパクト
ワライゴエ
エムディー
マクラモト
ジョウソウ
ニンジョウ
シュウケツ
ボウチョウ
テイチョウ
チクショウ
セイジャク
キョウカン
ジャングル
カンチョウ
シュクジツ
ニュウエン
タカラモノ
ハツジョウ
センジュウ
サンニュウ
ライキャク
ブンリョウ
ソウギョウ
マノアタリ
カンシュウ
ヒトリゴト
ディテール
センジョウ
ジョウダン
カイキョウ
タイシャク
ヌイグルミ
チュウザイ
アリノママ
ガッショウ
デンリュウ
マンジュウ
ソンチョウ
フウシュウ
ココロモチ
カツリョク
ポジション
ムスビツキ
チョッケツ
リョウウデ
ソンショウ
ブンミャク
ピラミッド
リンショウ
ジッシュウ
ミナミガワ
ドウチュウ
チュウリツ
ヨウショウ
ジャクテン
キュウエン
シュウノウ
シュクシャ
クッション
ミステリー
キュウビン
ガイショク
カルシウム
シュウヤク
ダイショウ
キョウヨウ
セッチャク
ネックレス
サンシュツ
ゾウショク
ナガツヅキ
ヒョウホウ
コンセント
ハンジョウ
イッショク
レンタカー
キョウゴウ
ガクジュツ
リュウドウ
ケッショウ
ショウガイ
ターミナル
スキキライ
シュウセキ
カンショウ
キョウドウ
オーディオ
オモイツキ
カンビョウ
ヘイジョウ
キャプテン
シュツドウ
ギャクサツ
ショウコウ
ネンショウ
ミノマワリ
ジツギョウ
リョウリツ
サイジョウ
キャッシュ
エンシュウ
キュウゾウ
リョウテイ
キュウソク
チョウホウ
チョウジュ
デンピョウ
シュリョウ
ピッチャー
リュウザン
ネッキョウ
ヒョウシキ
オオドオリ
シュツジン
ショジョウ
メシツカイ
ハンキョウ
オモイコミ
リキリョウ
シュウガク
コンドーム
サングラス
チョウカン
シュギョウ
カイチュウ
ガクリョク
シュウシン
シュウネン
カミブクロ
オオミソカ
リッショウ
フンシュツ
ジョウレイ
キョウジュ
ウラナイシ
ショウカイ
チョウテイ
ハクチョウ
キュウジョ
メイチュウ
スニーカー
ゾウキョウ
ヘルメット
カツオブシ
ストーカー
タイショウ
ダンシャク
ミボウジン
ケンショウ
チョウハツ
ショウカク
ヒトリッコ
シャショウ
ルネサンス
サイショウ
シャクホウ
カジュアル
タカラクジ
シッチョウ
エスディー
ジュニュウ
キョウダイ
ロウジュウ
プディング
トウキュウ
ツカイステ
アナウンス
リャクダツ
コウチョウ
コノアイダ
カネモウケ
ギョウテン
ゼッキョウ
ショウシツ
ショウアク
サイリョウ
キョウメイ
ゼンシュツ
スイジャク
オモテムキ
フライパン
ジョウエイ
コウヒョウ
ジョウゲン
チュウセン
シュツガン
キャスター
コチラガワ
ジョウハツ
ビョウメイ
チュウタイ
ヨリドコロ
リョウタン
ジュウゾク
セイギョウ
ハクショク
コンテンツ
シュチョウ
ナイショク
チャーハン
カーペット
ゼッチョウ
フクジュウ
サイシュウ
ネンショウ
ヒョウテキ
ヘンキャク
キャクホン
ソウシュツ
ロウリョク
コンリュウ
ホームレス
スイジョウ
ダンリョク
ケイジョウ
チャクモク
ジュキョウ
ハッチュウ
チョクゲキ
ガイショウ
ジュンカイ
ジュウソク
パーソナル
ソウチョウ
ジュンレイ
リョウガエ
カエリミチ
セイショク
コンセプト
ウシロムキ
ジョウシュ
ユニホーム
ジャクネン
センシュツ
チャクリク
ユウキュウ
クミチョウ
コンチュウ
ハッショウ
コウギョウ
プレミアム
キャンデー
シュッシャ
ギョウシュ
マージャン
ツカイミチ
スイショウ
カッショク
ヘンショク
ドウギョウ
ヘンニュウ
ツウショウ
チョッカン
アトマワシ
ショウゾク
アイキョウ
シュウエン
ホクジョウ
ゼンチョウ
カルチャー
グラウンド
ハクジョウ
ショシュウ
アクセント
チュウガタ
チャイルド
インテリア
センニュウ
ノウジョウ
スティック
オンリョウ
ジャクシャ
モーニング
ヨッパライ
ダイジョウ
カカリイン
ドウリョク
チュウタイ
キョウセイ
ジュンセイ
オウジョウ
ジュウダン
チョウエツ
オオワライ
クリスタル
フリーター
ケイリョウ
ソクリョウ
ヒョウテイ
ランニング
トウガラシ
チャクシン
バクショウ
シンニュウ
テキチュウ
オオオトコ
ハイキュウ
ヒトムカシ
キャクシツ
ショクヨウ
チョウエキ
オンキョウ
ジュウシャ
マチアワセ
テロリスト
ジョウジュ
イノチガケ
チョッコウ
トレーナー
ジョウモン
ホンショウ
ケッシュウ
タイキュウ
ヒョウホン
ジュクレン
シキジョウ
ホンギョウ
キョクトウ
ニュウショ
ガンキュウ
イヤガラセ
センショク
ショウコウ
ジュウヤク
シュウシン
ミッション
キョウコウ
キョウガク
ニュウドウ
ガッショウ
チュウセイ
ヒョウコウ
シャンパン
アイショウ
トリカエシ
ヒダリウエ
ジョウタイ
ベンチャー
ジンミャク
マチヅクリ
リュウイキ
ショウセイ
ウラガエシ
シュクフク
シルエット
シュウケイ
ゾクシュツ
ショウゴウ
ナマケモノ
クーデター
ボクシング
キャンパス
ジュウソウ
タイキャク
スペシャル
キャクセキ
ヒトゴロシ
ジョジュツ
シュッテン
キョウハン
ジョウコウ
ヒンジャク
キョウコウ
ツカイワケ
モノゴコロ
キョウトウ
ジョウカイ
ナライゴト
シュウケン
セイショク
ケンジョウ
ヒダリアシ
ミエカクレ
オオムカシ
フッキュウ
サトガエリ
タテツヅケ
ザンギャク
キョクイン
ブンギョウ
ジュウマン
ブルジョア
ピーアール
ショウジン
アマチュア
ジュンシュ
シュットウ
チュウトウ
エトセトラ
ビンジョウ
イキノコリ
デンチュウ
チョウブン
シンジョウ
ジッキョウ
チュウケン
ガクギョウ
トウニョウ
タイシュウ
カラダツキ
タタズマイ
ジンリョク
サンジョウ
トッシュツ
ブランデー
ザンリュウ
ジョウヨウ
セクション
ソーセージ
ジャンパー
カタオモイ
モウシタテ
ジェンダー
リクエスト
マッショウ
ニガワライ
ニクショク
セイリョウ
ショチョウ
ジョギング
カクショウ
トイレット
シャクヨウ
ワンリョク
キュウヨウ
シュウセイ
リツリョウ
ユデタマゴ
ドウジョウ
タチバナシ
リョウワキ
テイショク
フウリュウ
ショウヘイ
ポピュラー
ボッシュウ
セイビョウ
ガッシュク
セイジョウ
キュウメイ
ノウニュウ
リョウハン
ジョウヘキ
イイマワシ
シュウテン
サッチュウ
キョウタン
オウキュウ
ゼンチョウ
ハンチュウ
ステンレス
ゲンリョウ
ハツビョウ
ミッシュウ
ハンギャク
レッキョウ
コウギョウ
レイアウト
ヒトニギリ
カンショウ
レポーター
アクシュウ
ブラジャー
デキアガリ
ツカイモノ
チョウジャ
スローガン
ジョウラク
バスケット
ナチュラル
カイショク
ジェーエー
モウシブン
モンスター
ハイウエー
ケチャップ
ゼンショウ
トオマワリ
キュウライ
オボエガキ
タンチョウ
ショウハイ
ソーシャル
ニュウセキ
カタツムリ
チョウシン
エンチョウ
シュッコウ
ジョウブン
リョウシキ
シュジュウ
アバラボネ
シュツボツ
ショウゴウ
タンキュウ
ショウキン
シュツゲキ
クラベモノ
ヨウショク
ショウガク
ザイショク
イキヅカイ
ジュウシン
センショウ
エンショウ
ジョウセン
チョウカク
チュウサン
シンチュウ
トウニュウ
チョクゾク
チュウボウ
ジョウキン
シュウゼン
キンチャク
イキドオリ
カンチョウ
ツミカサネ
ハイニョウ
センキョウ
ジュリョウ
トンジャク
パーキング
ヒトドオリ
フォーラム
イチリョウ
ヘンキョウ
シンピョウ
キュウダン
チュウイチ
キョウコウ
アカデミー
ジョチョウ
キョウハク
カクジュウ
ウマレツキ
ジュウセイ
オウキュウ
レイキャク
オオミカミ
トウキュウ
ジョウニン
タンキュウ
シュウケツ
ロウニャク
ケッショウ
カンジョウ
ジュジュツ
シュッテン
カクリョウ
キュウセイ
ジュウコウ
ストライキ
シュウジツ
チョウショ
ブンジョウ
サイリョウ
アリキタリ
ジュッカイ
カゼトオシ
サッチョウ
ミョウジン
チョウヘイ
ダイチョウ
ショウショ
ヒンドゥー
ダイビング
タイジョウ
フクギョウ
シュッコク
アンショウ
ディーゼル
チョッカク
ウラオモテ
コウミョウ
タイシュツ
バイオリン
シュッタツ
セッキャク
ジュチュウ
ヒダリキキ
コウリョウ
ファイバー
ヒキワタシ
ウシロダテ
ダッキャク
ジュウゲキ
ヒョウサツ
チョウシャ
リンジュウ
ツトメサキ
ハッショウ
チャクソウ
シッキャク
シンシュウ
パトロール
デイリグチ
ショウカイ
カンキョウ
シュウマツ
センニュウ
チュウゲン
ハイシュツ
ヒトヤスミ
シュウロウ
オンリョウ
リンギョウ
ユウジュウ
キュウイン
ウメキゴエ
ウエーター
シュウサイ
サンシュツ
オモイイレ
ジュウコウ
キンキョウ
イイツタエ
リクルート
ムカイガワ
クンショウ
ドウミャク
アーケード
ショウタイ
チョクエイ
セキジョウ
ケイリョウ
キョウゲン
リュウセイ
プロポーズ
ヒダリシタ
ゼンリョウ
ノボリザカ
サイエンス
リョウサン
チョウイン
ギョウソウ
テンジョウ
キョシュツ
ビョウゲン
ノイローゼ
セクシャル
ハンキュウ
ミズアライ
ヤリナオシ
ナカナオリ
ダイチョウ
イソウロウ
キョウフウ
ショジュン
カンショウ
ジュンノウ
キャラメル
ハナシゴエ
チュウフク
チョクリツ
バスルーム
パンティー
チャクニン
キュウシキ
ジュクスイ
ベンショウ
クロゼット
キョウジン
コンニュウ
サクリャク
オナイドシ
キュウセイ
ジョウエン
ブンチュウ
サバイバル
マトハズレ
ステータス
サーキット
ボウリング
ジュウシン
シツリョウ
ジュンパク
ミッキョウ
ヒョウダイ
コウシュウ
イシダタミ
ポジティブ
ビスケット
トーイック
ダンショウ
リフォーム
ハイシャク
シュチュウ
キュウメイ
オオイソギ
ニュウタイ
ファミコン
フクラハギ
カブトムシ
エンジニア
イナカモノ
ボウキャク
キュウヤク
ホメコトバ
キョウソウ
チョウバツ
ショキュウ
ショウヘキ
ジョウオン
ガイリャク
クスリユビ
チョウミン
ジョウイン
ゲッシュウ
コウショク
ブッショク
サンジョウ
テイリョウ
ジャンケン
スプリング
アトズサリ
ゲンリュウ
キュウシン
チョクヤク
オトシアナ
シュッペイ
ミンシュク
テイジュウ
マエカガミ
ショウシャ
トウチョウ
アマクダリ
シュツダイ
チョウボウ
トウチョク
クリニック
ダンチョウ
ノボリオリ
ミナトマチ
ミズタマリ
イレカワリ
バイキング
カントリー
クダリザカ
アカウント
トオマワシ
ショショウ
センダッテ
アタマキン
ケンジュツ
キュウヘン
シュショク
ネンチャク
ゴミブクロ
キョウシャ
サイチョウ
ジュウリン
ジャクタイ
ヒマツブシ
バルコニー
ジョウシツ
シタゴコロ
ミヤゲモノ
ビジュアル
フッショク
モノグルイ
アクリョウ
ショウコウ
マガリカド
カオアワセ
ドウジョウ
ミコトノリ
トウリョウ
ニュウシツ
ポータブル
カイショウ
エッセンス
ネーティブ
ミャクラク
ニンショウ
マニキュア
セイキョウ
セッショウ
キュウセイ
ジュウグン
ストレッチ
コウジョウ
ステロイド
オウシュウ
セントラル
カンショク
ストラップ
ショウシン
チュウサイ
ジャージー
ブラインド
シャチュウ
キュウカク
タダシガキ
エトセトラ
ショウセン
フユヤスミ
タッキュウ
イマシガタ
チョウアイ
ゼイジャク
アダプター
ガクチョウ
ヒョウタン
フロッピー
コンテスト
キョウダン
タチドコロ
コレクター
ヒダリハシ
ジュウケツ
ピクチャー
チョクツウ
タマゴヤキ
ナイジョウ
ピクニック
ニュウガン
チュウトン
モンショウ
ショウシツ
サンジョウ
ボウチョウ
トクチョウ
ハリケーン
キュウレキ
ヒキコモリ
キュウケツ
ショギョウ
マエバライ
セッショウ
パラダイム
チョウダイ
ファミレス
ヒンシュク
レンショウ
マツバヤシ
ショクゼン
ケンショウ
ギャクセツ
ラクジョウ
ホウリュウ
キョウカツ
ソウジョウ
チンチャク
ケッキュウ
サンキャク
シンジョウ
ウナリゴエ
マッシグラ
ストライク
ショウソウ
チュウシン
ワキノシタ
ナンセンス
キュウショ
エンジョウ
テンション
スイリョウ
コンキュウ
キョクメイ
コクショク
シュウキン
ジッチョク
イタリアン
リュウヨウ
ショウトウ
ココロガケ
バンシュウ
グンシュク
ドライヤー
ジュンヨウ
キョウヨウ
センジュツ
マンリョウ
キャクジン
ファシズム
ジョウトウ
ケイショウ
チョウゴウ
プリンセス
カンショク
ハッキョウ
カイリュウ
ヤクビョウ
チョクシャ
カイシュウ
セッチュウ
モリアガリ
ニュウコウ
メイキュウ
アイコトバ
イヤリング
ギャラリー
カンリョウ
ショクハツ
ヨコチョウ
ガッキュウ
キョリュウ
キョジョウ
シンリョウ
ヨウショク
ハツジョウ
ヒダリカタ
ギョキョウ
ジョウカン
ショウコク
シュウガク
ヨツンバイ
ロウキュウ
キャッコウ
ハルヤスミ
スタジアム
オモシロミ
ジュクセイ
フィッシュ
ラクチャク
テイヒョウ
サンリュウ
チョッケイ
ジョウドウ
トウシュウ
エメラルド
リョウグン
ディーケー
ネガティブ
ランニュウ
オンショウ
チャクナン
ソウギョウ
チュウコウ
ウワノソラ
ロンショウ
コガネイロ
クリトリス
カンシャク
フタリグミ
ヒエショウ
ショルダー
ファスナー
スタディー
ジョウネン
チョウハツ
ニュウサン
カンシュウ
ソウシュン
リハーサル
サキオクリ
ジョウゼツ
キョウコク
ヨウジョウ
アルチュウ
ジョリョク
ミニチュア
ゲンキョウ
チョウケイ
ソウチョウ
キンリョク
リョウガン
ノリゴコチ
スイリョウ
サッショウ
シュッコウ
フロアガリ
ロンチョウ
リョウニン
ヒキオトシ
ロータリー
ハッチャク
ヤトイヌシ
ホンリョウ
チョウジン
ショウガク
ヘンチョウ
チョウホン
リョウユウ
オトコマエ
ハイキング
ショリョウ
イイガカリ
キャンバス
キュウセイ
イタミドメ
トウリュウ
ステッカー
ヒトリジメ
ショウシャ
ヒカエシツ
ツイジュウ
ショクダイ
ヒョウハク
ヘッドホン
コースター
オリカエシ
アイキュー
リョウナイ
セイキョク
ジュンキョ
エンチュウ
フィギュア
シュッセイ
サンショウ
ソクリョク
センチュウ
チャッコウ
ケイリュウ
ショウヨウ
シュウセイ
セイキョウ
ジョウジン
モノオモイ
ムダヅカイ
ラクチュウ
セッショウ
カイギョウ
キョウバイ
オワリゴロ
アトモドリ
ショウソウ
ショウブン
シュウライ
ガンチュウ
ヒョウボウ
ホトトギス
キャクタイ
リョクチャ
デフォルト
リアリズム
エイジュウ
ホンショク
ディーエス
キョウラン
ショウエン
ドウキョウ
シンチョク
チョウヤク
ニュウダン
イニシャル
ウエスタン
オウリョウ
クッキョウ
リョウヒン
セラミック
ノウシュク
チョウヘン
ジュウソウ
スッパダカ
シュリョウ
キョウネン
シンキュウ
ホンジョウ
ストローク
トウミョウ
セッシュウ
ウラドオリ
コウジョウ
ジョショウ
トースター
フイチョウ
ユーフォー
チョウホウ
タイアタリ
イッチョウ
イッシュウ
ペンション
キョクモク
チョクシン
エムティー
キョウジン
キョウエン
ショウヘイ
ナトリウム
アソビニン
ガイショウ
カミガクシ
ショウシン
モトドオリ
ナヤミゴト
シュウデン
ゲキジョウ
バーチャル
シュッコウ
ヒルサガリ
ロンジュツ
ショシュツ
リュウネン
キョクショ
ディーエフ
イチジョウ
モウシイレ
チョウカイ
ホンリュウ
ビョウシャ
サキマワリ
ツイキュウ
ショウガク
センジョウ
ショウメイ
コンクール
ソウリョク
ニュウシン
センキョウ
ヒステリー
ショクアン
コウシャク
モーション
タクジョウ
ミャクハク
ボンネット
コウリョウ
チュウサン
ヨウショウ
アッショウ
コウリュウ
ネガイゴト
ガッキョク
ニッキュウ
リュウスイ
キャンドル
チョウメイ
カミオムツ
ハンチョウ
チンジョウ
ノウキョウ
ワイキョク
ジュンヨウ
リョウメイ
カザリツケ
シュウゾク
トレーラー
ソウジョウ
ゴウキュウ
ギョウコウ
ゲンショク
チョウルイ
マウンテン
イキドマリ
ショクシュ
エコロジー
パロディー
チンチョウ
エンシュウ
イノチトリ
ショウコウ
モチハコビ
カワリモノ
カオナジミ
オオモウケ
ショクノウ
シュウトク
シャクメイ
サポーター
キャクセン
ツキアカリ
カタドオリ
オムライス
コクリョク
ヒッショウ
ネンシュツ
マットレス
ソウジョウ
マーガリン
チュウグウ
コウチャク
トッテオキ
パビリオン
セキバライ
ヒトマトメ
ココロマチ
ボウリャク
ゲンショク
ハンビラキ
チョウモン
サーフィン
シュウセイ
シュウダツ
ジャーナル
オチコボレ
カカリツケ
リバウンド
サシツカエ
ショッカン
ジョウカン
プロローグ
ハッショク
コウキュウ
ガイチュウ
チャブダイ
チュウゾウ
キュウヨウ
ハイギョウ
ゴクチュウ
ジュウアツ
チュウバン
チョッカツ
ブティック
ブンシュウ
ギャッコウ
パイオニア
ゾクチョウ
バッシング
サシオサエ
テイショク
シキチョウ
チルドレン
スクリュー
キンジュウ
ハジメゴロ
クミガシラ
サマガワリ
ジュクドク
ツキアタリ
スレチガイ
タイキョク
キョクセツ
オルゴール
チャーター
ショウカン
ショクタク
ディーシー
キュウユウ
トナリマチ
ショウエネ
テイリュウ
ビンショウ
ジェイペグ
セイチョウ
カイシュウ
スウェット
ミョウオウ
ピーナッツ
ノミグスリ
ヒトトナリ
アウトドア
チュウリン
ニョウドウ
ショウテン
リョウミン
ヒストリー
ギョウカン
ホウジョウ
ジョウセイ
リピーター
インリョク
ジョウナイ
シーティー
カザグルマ
カイジュウ
プロダクト
ジョウイン
キョクロン
ゴウジョウ
チャクセキ
イナカマチ
ランドセル
ザイリョク
ロンピョウ
リョウブン
ハンニュウ
ギュウドン
コウキュウ
レインボー
テッキョウ
テイショク
カゼグスリ
テンシュツ
シュウレン
リュウケツ
ワンキョク
キョウボウ
リッキャク
ヨクジョウ
ケイジョウ
ホウジョウ
ネズミトリ
ドウジョウ
ストライプ
ジョウモン
ミナゴロシ
ヤクジョウ
イシヅクリ
ジュウゼン
ヒョウザン
チョウシン
セイジュン
ピアニスト
バクリョウ
ファクター
ドウキョウ
ミズビタシ
シュウバン
パラダイス
ラッピング
チョジュツ
スイミング
サカウラミ
シンリョク
チンジュツ
カイジョウ
チンシャク
エフアール
ニュウエキ
ヨウショク
ツーリング
キュウセン
タイショウ
スピリット
ディーブイ
ペンダント
コウキュウ
レイジョウ
ジョウスイ
ジョウシン
キュウシャ
テンショク
クビカザリ
モノヅクリ
ウケコタエ
レイショウ
ロウジョウ
ジョジョウ
カッチュウ
ショウトウ
ジョイント
リョウヒザ
ザイジョウ
タチアガリ
クウチョウ
シュウアク
シンシュク
ココロナシ
ショウスウ
ミョウホウ
シタシラベ
カンジョウ
コウキョウ
キョウテン
ゼンショウ
フォーカス
スクリプト
ケンギョウ
カンギョウ
チョウゾウ
フェラチオ
ウロオボエ
セイリュウ
コウジュツ
シュッポン
ザイリュウ
セッション
カウボーイ
アクヒョウ
シュウシン
ヘンジョウ
ゾウチョウ
ゴクジョウ
ショウロク
ジュウチン
サキノバシ
テリトリー
ハタジルシ
コウシャク
カミガカリ
オオキサキ
エスコート
シュッパン
オオアタリ
カンシュウ
キュウユウ
ユウショウ
ワカレギワ
リュウグウ
モウチョウ
ケンザカイ
ワダカマリ
ゾクショウ
カクシュウ
キョウトウ
ナンジャク
スクラップ
コウチョウ
カンパニー
ラベンダー
チョッカイ
ショッカク
ケンチョウ
ヒョウロウ
ボウフウウ
シュクテキ
メイキョク
スキャナー
シンチュウ
スクロール
マチハズレ
チョンマゲ
シュンプウ
ナイショウ
ショクレキ
ジュンシン
シャクネツ
オンガエシ
シャクハチ
クイチガイ
チュウシン
チョウヨウ
ソコヂカラ
テキシュツ
ネーチャー
イタバサミ
ストリップ
ケイショウ
ショクエン
シナゾロエ
ヒトチガイ
ゲンチョウ
ハムスター
ピッチング
ジンチュウ
ダッキュウ
コイゴコロ
ジョウカク
ショウカン
キョウラク
リュウオウ
リョウガン
チョウヨウ
シュウレン
ギャクギレ
チョウレイ
ハナシガイ
シツチョウ
セイキョウ
インプット
シュクサイ
ゲンキョウ
リョウロン
マーキング
ヒガシグチ
トオリミチ
ミヤヅカエ
ショチュウ
シュリュウ
リョウカタ
アドバンス
ソッキョウ
ヨウキョク
モノレール
ニッショウ
ココナッツ
クチアタリ
ハナバタケ
コウショウ
シュウゲツ
スタンバイ
チュウヨウ
キュウタイ
シナサダメ
ガンショウ
リカバリー
フウヒョウ
カザリモノ
カンショウ
オリタタミ
リョウケン
カリュウド
サイショウ
タテナオシ
チョウナイ
カタリクチ
タイショウ
センシュウ
メイショウ
ノコリモノ
ハッキュウ
シュジョウ
アイランド
イキアタリ
エピローグ
ヨウチュウ
ソウリョウ
ケッショク
アンショウ
ジョウダイ
カイチョウ
ネーミング
ジュキュウ
ヒツジョウ
ジュウバコ
カオカタチ
ショウヒン
カンガルー
ハクジョウ
トバッチリ
サカナツリ
オロカモノ
ノウテンキ
エルディー
ショクリン
コウショウ
リョウシャ
アンジュウ
ローション
シンショク
ゼンジョウ
チュウクウ
ニクジャガ
エスニック
ボイコット
トクチュウ
ライシュン
キキオボエ
ミセドコロ
ホウジュツ
シュッキン
マスコット
マンドコロ
シュクエン
スイリュウ
コッチョウ
デンシュウ
モウジュウ
ショヒョウ
ダンディー
ケイジョウ
オウシュウ
ナマタマゴ
シュウゲン
ハンシュツ
ムコウギシ
キャバクラ
ヒョウソウ
ツヅケザマ
カカリカン
レスビアン
サイシュツ
コウショウ
エキチョウ
スロットル
キョウガク
サンキュウ
シッショウ
オボシメシ
ジュウシン
シュウエイ
セイキョウ
キュウボウ
シャックリ
トドコオリ
レスポンス
シュウジン
シンキュウ
スジチガイ
エキストラ
エレメント
ディーエム
キュウスイ
ジュンカツ
サスペンス
シュウイン
ハタラキテ
アタッシュ
ジュウサツ
スナアラシ
ゲンジュウ
ウケワタシ
ティーエー
チュウソツ
バンジョウ
フライデー
ジョウメン
ジュンイツ
ジョウゾウ
ケイショウ
ミョウダイ
ヤツアタリ
キョウエイ
テンニュウ
ミナミグチ
ゼイシュウ
シュウソク
リョウセイ
キュウガタ
フクショウ
ランゲージ
ネンピョウ
セイチョウ
キョウヘイ
ナグリアイ
ドウリョウ
センキョク
セイリャク
トウシュク
カクシアジ
ファースト
オウチャク
マワリミチ
ミチジュン
チョウタン
キュウコン
テイキュウ
ジュウタイ
エチケット
クトウテン
オトシモノ
オンチュウ
カナヅカイ
キュウコウ
オクリガナ
シアサッテ
セレモニー
イキチガイ
ワタリドリ
アンコール
ネツリョウ
キュウガク
ゾウショウ
ハクジャク
ハシワタシ
スラックス
トモカセギ
タイムリー
コウキョウ
コウギョウ
カンニング
センチャク
キョウサク
キョウガク
サンキュー
ヒナマツリ
タイピスト
チョウコウ
ライジョウ
ヒッシュウ
イナビカリ
リョウカイ
キュウコン
マンジョウ
テレックス
カクシュウ
キョクゲン
カムバック
ネジマワシ
ギュウニュウ
エレベーター
アナウンサー
アクセサリー
サンドイッチ
スーツケース
ジョウキョウ
ヒョウジョウ
シュウリョウ
シュウショク
キョウリョク
シュウキョウ
シュウチュウ
シュウニュウ
ショクギョウ
ショウジョウ
キュウリョウ
コントロール
ショウチョウ
ニュウリョク
ヒョウジュン
キョウチョウ
ショウショウ
ジョウショウ
ネットワーク
キュウシュウ
チョウショク
サラリーマン
シュッチョウ
ジュウギョウ
ヒトリヒトリ
ファッション
キョウキュウ
チュウショク
シュウシュウ
ショクリョウ
インストール
トリアツカイ
チョウシュウ
インタビュー
ヒトリグラシ
マネージャー
プロジェクト
ショクリョウ
オリンピック
ショウギョウ
ボランティア
ジュウリョウ
ヒャクショウ
ジョウキャク
ジョウキュウ
コンクリート
キュウキュウ
ダウンロード
ショウリャク
トレーニング
ニュウジョウ
チュウショウ
ショッピング
メチャクチャ
ジョウリュウ
プライベート
シュクショウ
キャラクター
プラスチック
チョコレート
チュウリャク
ガイドライン
トコロドコロ
キュウキョク
スケジュール
シュツジョウ
イチニンマエ
ジョウキョウ
プライバシー
ショウリョウ
チュウジュン
コトバヅカイ
パンフレット
クリーニング
シュウチャク
シュッショウ
キャンペーン
リョウショウ
キョウシュク
シュツリョク
クエスチョン
ウシロスガタ
コレクション
バックアップ
ショウチュウ
インデックス
キュウジョウ
プロバイダー
シュウギョウ
ディスプレー
チョウジョウ
キュウショク
フォーマット
ムラサキイロ
オークション
インディアン
ココロアタリ
ステーション
シュンジュウ
チュウニュウ
リュウニュウ
デスクトップ
リョウシュウ
キュウリョウ
ショウキョク
リュウシュツ
ビョウジョウ
スタンダード
ジュウショク
ソフトウェア
イデオロギー
チュウジョウ
キョウチョウ
ストッキング
ヒトリボッチ
クライアント
エクスプレス
キュウチュウ
チュウシュツ
プレッシャー
ダイヤモンド
ジュウリョク
チャンピオン
プロフィール
ココロガマエ
インスタント
チュウショウ
キュウシュツ
クリスチャン
オオヨロコビ
ヘリコプター
コマーシャル
プロパティー
シーピーユー
ムカシバナシ
ミョウゴニチ
バラエティー
ビョウショウ
キョウシュウ
スタンドオフ
チュウリュウ
キュウギョウ
ジョウジョウ
ピックアップ
アウトルック
メンテナンス
トウモロコシ
シュウシュク
ビジネスマン
ミュージック
チョウリュウ
グラフィック
スキャンダル
チョウショウ
ジョウジュン
ディレクター
ムチャクチャ
ヒョウショウ
アシスタント
チョウシュウ
ジュウショウ
スパゲッティ
エスカレート
ジュウジュン
トモバタラキ
ハンバーガー
ジュウショウ
ショウチョウ
ビデオテープ
フローリング
クラスメート
ココロヅカイ
キョウジュツ
ニックネーム
オサナナジミ
ウォーキング
ガイドブック
ユーエスビー
エイチディー
ダウンタウン
ヒョウショウ
ジョウチュウ
チュウシャク
ツクリバナシ
ビージーエム
テクノロジー
シンポジウム
ウエディング
ミョウチョウ
アスファルト
ショウショウ
チョウチョウ
リアリティー
エージェント
ライブラリー
ウワサバナシ
キョウチュウ
リフレッシュ
ヒョウリュウ
ヒトリアルキ
ギャクジョウ
ヘッドライト
ドレッシング
ジョウジュツ
キョクチョウ
セッティング
ウエートレス
フィクション
ショウシュウ
ホッタラカシ
ジャイアント
サプリメント
シュウシュウ
カウンセラー
ファンタジー
リャクショウ
キュウショク
ハタラキカケ
カーディガン
オモテドオリ
ショウキャク
ニュウヨウジ
ギョウシュク
ドキュメント
ジョウシュウ
バレーボール
プロセッサー
キュウショク
オモイチガイ
ショウビョウ
ソウジュシン
エヌジーオー
ミニスカート
ブッキラボウ
ハライモドシ
ニュウショク
ハンドバッグ
アウトレット
リクカイグン
ヒョウシュツ
ヒトリムスメ
オープニング
チャクショク
ハナシコトバ
アドバイザー
ショウキャク
エヌピーオー
ショウジュツ
ユナイテッド
バッファロー
サップウケイ
ハードウェア
チャクショウ
ライティング
ビョウジャク
バーベキュー
チュウキュウ
シュウショク
ミーティング
インターホン
デモクラシー
ショウジュン
ギャクシュウ
ソフトボール
チョウキョウ
シュウリョウ
ミュージカル
キョウジャク
オペレーター
コッコウリツ
キャッチャー
ウチョウテン
ハナレバナレ
オクリムカエ
セールスマン
コンセンサス
ショウヒョウ
パシフィック
カンガエゴト
ハタラキモノ
エンディング
ブレスレット
ギョウショウ
クオリティー
ショウジュウ
ハンティング
アンティーク
コクナイガイ
シタクチビル
コントラスト
プロデュース
シュクチョク
アイドリング
イッペントウ
クラクション
インディーズ
フェミニズム
イニシアチブ
ジェスチャー
ココロヅモリ
エントランス
キュウニュウ
パイナップル
アンバランス
ジャパニーズ
ギャクリュウ
シュウチャク
ジョウリュウ
ペナルティー
ジュウリョウ
ヒョウチャク
アタリサワリ
コーティング
アイエムイー
ワライバナシ
シュウジュク
ジャクショウ
シーアイエー
ダブルディー
チョクチョウ
アセスメント
ギャクモドリ
スカイライン
エディション
ジュンキョウ
カリキュラム
ディージェー
ホームステイ
ショウシュウ
ナレーション
オコノミヤキ
カカリチョウ
パラドックス
オーケストラ
アルミホイル
ジョウチュウ
ヒトリヨガリ
トオリスガリ
ジーピーエス
キュウビョウ
イチモクサン
チュウリュウ
ダイオキシン
ジュウビョウ
シュンジュン
フクロコウジ
チューニング
スガタカタチ
ホットケーキ
パラメーター
サクランボウ
ガードレール
エキスパート
フットボール
ブロッコリー
トナリアワセ
リニューアル
シュウキュウ
リョウジョク
チューリップ
オトギバナシ
モニタリング
アクシデント
カスタマイズ
カクレンボウ
トランペット
トオリガカリ
ウェブサイト
パーフェクト
ジーアイエフ
シタバタラキ
オリエンタル
キュウリュウ
ミュージアム
ウォッチング
スポーツマン
アオムラサキ
スパイウェア
ファイナンス
シャーベット
キャンピング
プログラマー
サンプリング
エスオーエス
アクロバット
フロンティア
アルミニウム
ニュウショウ
ウスムラサキ
リアクション
ディーエイチ
ミョウジョウ
チョクニュウ
イノチビロイ
ジュンジョウ
チョクリュウ
ビルディング
キョウシュウ
チームワーク
キョウショク
キャクショク
リョウキョク
チュウガエリ
ジュンキュウ
トランジスタ
ミスプリント
マイクロホン
コンピューター
エスカレーター
インターネット
ダイトウリョウ
ユーアールエル
セキュリティー
コンプレックス
コミュニティー
パフォーマンス
ジャーナリスト
カウンセリング
ハードディスク
マネージメント
プロデューサー
アルファベット
ディーエヌエー
ジャーナリズム
インフルエンザ
バリエーション
エーティーエム
ミュージシャン
メッセンジャー
セイショウネン
データーベース
プロダクション
ナショナリズム
リーダーシップ
ピーティーエー
チュウコウネン
プロテスタント
ライフスタイル
ブラックリスト
コンサルタント
エルディーケー
アトラクション
フィードバック
アールピージー
ドウショクブツ
マーケティング
イングリッシュ
アパートメント
プラットホーム
コーディネート
エイチアイブイ
リュックサック
アニメーション
ローテーション
クライマックス
ブイエイチエス
スチュワーデス
ジーディーピー
ボーイフレンド
カムフラージュ
ボディーガード
シュウタイセイ
オーディーエー
ナンボクチョウ
ピーエイチエス
マルチメディア
チェックアウト
チュウコウセイ
エムアールアイ
トリートメント
スペシャリスト
スタートアップ
スポットライト
オーディション
ヒューマニズム
オーソドックス
ガールフレンド
コントローラー
カウントダウン
インセンティブ
プロモーション
プロポーション
ナムアミダブツ
テーブルクロス
コレステロール
マイノリティー
プログラミング
ブロードバンド
タイプライター
サンタクロース
デコレーション
オートマチック
ディーブイディー
アプリケーション
ジーエイチキュー
アールダブリュー
シミュレーション
エクスプローラー
ファンデーション
シチュエーション
コーディネーター
イラストレーター
ショウチュウガク
ドラッグストアー
ブイティーアール
インストラクター
ドキュメンタリー
レクリエーション
キャッチフレーズ
アソシエーション
ノンフィクション
エンタープライズ
パーソナリティー
ユニバーシティー
キョウショクイン
ショウコウギョウ
オートメーション
インターチェンジ
コミュニケーション
アイデンティティー
エーディーエスエル
インターナショナル
ビーエムダブリュー
プロフェッショナル
スーパーマーケット
インフォメーション
ゴールデンウィーク
フロッピーディスク
アイエスディーエヌ
ファイアーウォール
シーエーティーブイ
プレゼンテーション
ピーティーエスディ
オリエンテーション
エイチティーエムエル
グローバリゼーション
エンターテインメント
ダブリューエイチオー
デモンストレーション
オルト／エーエルティー
ダブリューダブリューダブリュー
